id,issue_num,node_id,item_id,status,error,ts
0516_Rev_001,111,I_kwDOR560RM8AAAABCd26ew,PVTI_lAHOB1aXSc4BTuXVzgs64q4,OK,,1778947753
0516_Rev_002,112,I_kwDOR560RM8AAAABCd27-A,PVTI_lAHOB1aXSc4BTuXVzgs64rk,OK,,1778947756
0516_Rev_003,113,I_kwDOR560RM8AAAABCd28bg,PVTI_lAHOB1aXSc4BTuXVzgs64sU,OK,,1778947759
0516_Rev_004,114,I_kwDOR560RM8AAAABCd28_A,PVTI_lAHOB1aXSc4BTuXVzgs64tA,OK,,1778947761
0516_Rev_005,115,I_kwDOR560RM8AAAABCd29fw,PVTI_lAHOB1aXSc4BTuXVzgs64uA,OK,,1778947765
0516_Rev_006,116,I_kwDOR560RM8AAAABCd2-sw,PVTI_lAHOB1aXSc4BTuXVzgs64uk,OK,,1778947768
0516_Rev_007,117,I_kwDOR560RM8AAAABCd2_jw,PVTI_lAHOB1aXSc4BTuXVzgs64vQ,OK,,1778947772
0516_Rev_008,118,I_kwDOR560RM8AAAABCd3Ayg,PVTI_lAHOB1aXSc4BTuXVzgs64v4,OK,,1778947775
0516_Rev_019,119,I_kwDOR560RM8AAAABCd3BTg,PVTI_lAHOB1aXSc4BTuXVzgs64ws,OK,,1778947778
0516_Rev_020,120,I_kwDOR560RM8AAAABCd3B1w,PVTI_lAHOB1aXSc4BTuXVzgs64xw,OK,,1778947782
0516_Rev_021,121,I_kwDOR560RM8AAAABCd3C3A,PVTI_lAHOB1aXSc4BTuXVzgs64yk,OK,,1778947785
0516_Rev_022,122,I_kwDOR560RM8AAAABCd3DTg,PVTI_lAHOB1aXSc4BTuXVzgs64y0,OK,,1778947788
0516_Rev_023,123,I_kwDOR560RM8AAAABCd3Eeg,PVTI_lAHOB1aXSc4BTuXVzgs64zM,OK,,1778947791
0516_Rev_024,124,I_kwDOR560RM8AAAABCd3Fhg,PVTI_lAHOB1aXSc4BTuXVzgs64zk,OK,,1778947795
0516_Rev_025,125,I_kwDOR560RM8AAAABCd3GEQ,PVTI_lAHOB1aXSc4BTuXVzgs64z4,OK,,1778947798
0516_Rev_026,126,I_kwDOR560RM8AAAABCd3GqA,PVTI_lAHOB1aXSc4BTuXVzgs640U,OK,,1778947801
0516_Rev_027,127,I_kwDOR560RM8AAAABCd3HSQ,PVTI_lAHOB1aXSc4BTuXVzgs6400,OK,,1778947804
0516_Rev_028,128,I_kwDOR560RM8AAAABCd3H8g,PVTI_lAHOB1aXSc4BTuXVzgs641Y,OK,,1778947807
0516_Rev_029,129,I_kwDOR560RM8AAAABCd3I0Q,PVTI_lAHOB1aXSc4BTuXVzgs6418,OK,,1778947811
0516_Rev_030,130,I_kwDOR560RM8AAAABCd3Jyw,PVTI_lAHOB1aXSc4BTuXVzgs642c,OK,,1778947814
0516_Rev_031,131,I_kwDOR560RM8AAAABCd3KVw,PVTI_lAHOB1aXSc4BTuXVzgs642o,OK,,1778947818
0516_Rev_032,132,I_kwDOR560RM8AAAABCd3K6Q,PVTI_lAHOB1aXSc4BTuXVzgs643Q,OK,,1778947821
0516_Rev_033,133,I_kwDOR560RM8AAAABCd3LZg,PVTI_lAHOB1aXSc4BTuXVzgs643k,OK,,1778947824
0516_Rev_034,134,I_kwDOR560RM8AAAABCd3MGA,PVTI_lAHOB1aXSc4BTuXVzgs644I,OK,,1778947827
0516_Rev_035,135,I_kwDOR560RM8AAAABCd3NCg,PVTI_lAHOB1aXSc4BTuXVzgs644s,OK,,1778947831
0516_Rev_036,136,I_kwDOR560RM8AAAABCd3Oaw,PVTI_lAHOB1aXSc4BTuXVzgs645Q,OK,,1778947834
0516_Rev_037,137,I_kwDOR560RM8AAAABCd3O-Q,PVTI_lAHOB1aXSc4BTuXVzgs6454,OK,,1778947837
0516_Rev_038,138,I_kwDOR560RM8AAAABCd3PhA,PVTI_lAHOB1aXSc4BTuXVzgs646g,OK,,1778947841
0516_Rev_039,139,I_kwDOR560RM8AAAABCd3Qbg,PVTI_lAHOB1aXSc4BTuXVzgs647A,OK,,1778947844
0516_Rev_040,140,I_kwDOR560RM8AAAABCd3Q5w,PVTI_lAHOB1aXSc4BTuXVzgs647g,OK,,1778947847
0516_Rev_041,141,I_kwDOR560RM8AAAABCd3RxQ,PVTI_lAHOB1aXSc4BTuXVzgs648Q,OK,,1778947851
0516_Rev_042,142,I_kwDOR560RM8AAAABCd3S3Q,PVTI_lAHOB1aXSc4BTuXVzgs6488,OK,,1778947854
0516_Rev_043,143,I_kwDOR560RM8AAAABCd3TaA,PVTI_lAHOB1aXSc4BTuXVzgs64-I,OK,,1778947857
0516_Rev_044,144,I_kwDOR560RM8AAAABCd3UlQ,PVTI_lAHOB1aXSc4BTuXVzgs64-s,OK,,1778947860
0516_Rev_045,145,I_kwDOR560RM8AAAABCd3VrA,PVTI_lAHOB1aXSc4BTuXVzgs64_s,OK,,1778947863
0516_Rev_046,146,I_kwDOR560RM8AAAABCd3WMQ,PVTI_lAHOB1aXSc4BTuXVzgs65AY,OK,,1778947867
0516_Rev_047,147,I_kwDOR560RM8AAAABCd3XXg,PVTI_lAHOB1aXSc4BTuXVzgs65A4,OK,,1778947870
0516_Rev_048,148,I_kwDOR560RM8AAAABCd3X_w,PVTI_lAHOB1aXSc4BTuXVzgs65BM,OK,,1778947874
0516_Rev_049,149,I_kwDOR560RM8AAAABCd3Y3w,PVTI_lAHOB1aXSc4BTuXVzgs65Bw,OK,,1778947877
0516_Rev_050,150,I_kwDOR560RM8AAAABCd3aHA,PVTI_lAHOB1aXSc4BTuXVzgs65Cs,OK,,1778947880
0516_Rev_051,151,I_kwDOR560RM8AAAABCd3bsg,PVTI_lAHOB1aXSc4BTuXVzgs65Dg,OK,,1778947884
0516_Rev_052,152,I_kwDOR560RM8AAAABCd3cgg,PVTI_lAHOB1aXSc4BTuXVzgs65D4,OK,,1778947887
0516_Rev_053,153,I_kwDOR560RM8AAAABCd3dLw,PVTI_lAHOB1aXSc4BTuXVzgs65EY,OK,,1778947890
0516_Rev_054,154,I_kwDOR560RM8AAAABCd3eLw,PVTI_lAHOB1aXSc4BTuXVzgs65FM,OK,,1778947894
0516_Rev_055,155,I_kwDOR560RM8AAAABCd3fTQ,PVTI_lAHOB1aXSc4BTuXVzgs65GE,OK,,1778947897
0516_Rev_056,156,I_kwDOR560RM8AAAABCd3gfA,PVTI_lAHOB1aXSc4BTuXVzgs65HE,OK,,1778947901
0516_Rev_057,157,I_kwDOR560RM8AAAABCd3hyA,PVTI_lAHOB1aXSc4BTuXVzgs65Hg,OK,,1778947904
0516_Rev_058,158,I_kwDOR560RM8AAAABCd3iyw,PVTI_lAHOB1aXSc4BTuXVzgs65H8,OK,,1778947907
0516_Rev_059,159,I_kwDOR560RM8AAAABCd3jbA,PVTI_lAHOB1aXSc4BTuXVzgs65Ic,OK,,1778947910
0516_Rev_060,160,I_kwDOR560RM8AAAABCd3j_A,PVTI_lAHOB1aXSc4BTuXVzgs65JI,OK,,1778947914
0516_Rev_061,161,I_kwDOR560RM8AAAABCd3ltg,PVTI_lAHOB1aXSc4BTuXVzgs65Jg,OK,,1778947917
0516_Rev_062,162,I_kwDOR560RM8AAAABCd3mqg,PVTI_lAHOB1aXSc4BTuXVzgs65J8,OK,,1778947921
0516_Rev_063,163,I_kwDOR560RM8AAAABCd3n9Q,PVTI_lAHOB1aXSc4BTuXVzgs65KY,OK,,1778947924
0516_Rev_064,164,I_kwDOR560RM8AAAABCd3o-w,PVTI_lAHOB1aXSc4BTuXVzgs65K4,OK,,1778947928
0516_Rev_065,165,I_kwDOR560RM8AAAABCd3qfw,PVTI_lAHOB1aXSc4BTuXVzgs65Lo,OK,,1778947932
0516_Rev_066,166,I_kwDOR560RM8AAAABCd3rEw,PVTI_lAHOB1aXSc4BTuXVzgs65MA,OK,,1778947935
0516_Rev_067,167,I_kwDOR560RM8AAAABCd3r0Q,PVTI_lAHOB1aXSc4BTuXVzgs65Ms,OK,,1778947938
0516_Rev_068,168,I_kwDOR560RM8AAAABCd3srg,PVTI_lAHOB1aXSc4BTuXVzgs65NY,OK,,1778947941
0516_Rev_069,169,I_kwDOR560RM8AAAABCd3udg,PVTI_lAHOB1aXSc4BTuXVzgs65OE,OK,,1778947945
0516_Rev_070,170,I_kwDOR560RM8AAAABCd3vSA,PVTI_lAHOB1aXSc4BTuXVzgs65O8,OK,,1778947948
0516_Rev_071,171,I_kwDOR560RM8AAAABCd3waw,PVTI_lAHOB1aXSc4BTuXVzgs65Pk,OK,,1778947951
0516_Rev_072,172,I_kwDOR560RM8AAAABCd3x9A,PVTI_lAHOB1aXSc4BTuXVzgs65QM,OK,,1778947955
0516_Rev_073,173,I_kwDOR560RM8AAAABCd3ynw,PVTI_lAHOB1aXSc4BTuXVzgs65Qo,OK,,1778947958
0516_Rev_074,174,I_kwDOR560RM8AAAABCd30Qg,PVTI_lAHOB1aXSc4BTuXVzgs65RQ,OK,,1778947961
0516_Rev_075,175,I_kwDOR560RM8AAAABCd300A,PVTI_lAHOB1aXSc4BTuXVzgs65Rw,OK,,1778947964
0516_Rev_076,176,I_kwDOR560RM8AAAABCd32Cw,PVTI_lAHOB1aXSc4BTuXVzgs65Sc,OK,,1778947968
0516_Rev_077,177,I_kwDOR560RM8AAAABCd33Yg,PVTI_lAHOB1aXSc4BTuXVzgs65TE,OK,,1778947971
0516_Rev_078,178,I_kwDOR560RM8AAAABCd342Q,PVTI_lAHOB1aXSc4BTuXVzgs65Tw,OK,,1778947974
0516_Rev_079,179,I_kwDOR560RM8AAAABCd35qw,PVTI_lAHOB1aXSc4BTuXVzgs65Uc,OK,,1778947977
0516_Rev_080,180,I_kwDOR560RM8AAAABCd37KA,PVTI_lAHOB1aXSc4BTuXVzgs65VU,OK,,1778947980
0516_Rev_081,181,I_kwDOR560RM8AAAABCd37yQ,PVTI_lAHOB1aXSc4BTuXVzgs65V4,OK,,1778947984
0516_Rev_082,182,I_kwDOR560RM8AAAABCd39QQ,PVTI_lAHOB1aXSc4BTuXVzgs65WY,OK,,1778947987
0516_Rev_083,183,I_kwDOR560RM8AAAABCd3-Ow,PVTI_lAHOB1aXSc4BTuXVzgs65W4,OK,,1778947991
0516_Rev_084,184,I_kwDOR560RM8AAAABCd3_EQ,PVTI_lAHOB1aXSc4BTuXVzgs65Xs,OK,,1778947994
0516_Rev_085,185,I_kwDOR560RM8AAAABCd4AqA,PVTI_lAHOB1aXSc4BTuXVzgs65YQ,OK,,1778947997
0516_Rev_086,186,I_kwDOR560RM8AAAABCd4BXA,PVTI_lAHOB1aXSc4BTuXVzgs65ZE,OK,,1778948001
0516_Rev_087,187,I_kwDOR560RM8AAAABCd4ClQ,PVTI_lAHOB1aXSc4BTuXVzgs65Zw,OK,,1778948004
0516_Rev_088,188,I_kwDOR560RM8AAAABCd4DKw,PVTI_lAHOB1aXSc4BTuXVzgs65ak,OK,,1778948007
0516_Rev_089,189,I_kwDOR560RM8AAAABCd4EKA,PVTI_lAHOB1aXSc4BTuXVzgs65bc,OK,,1778948011
0516_Rev_090,190,I_kwDOR560RM8AAAABCd4FKQ,PVTI_lAHOB1aXSc4BTuXVzgs65cI,OK,,1778948014
0516_Rev_091,191,I_kwDOR560RM8AAAABCd4Frg,PVTI_lAHOB1aXSc4BTuXVzgs65co,OK,,1778948017
0516_Rev_092,192,I_kwDOR560RM8AAAABCd4G8A,PVTI_lAHOB1aXSc4BTuXVzgs65dU,OK,,1778948021
0516_Rev_093,193,I_kwDOR560RM8AAAABCd4INg,PVTI_lAHOB1aXSc4BTuXVzgs65eQ,OK,,1778948024
0516_Rev_094,194,I_kwDOR560RM8AAAABCd4I5Q,PVTI_lAHOB1aXSc4BTuXVzgs65ew,OK,,1778948027
0516_Rev_095,195,I_kwDOR560RM8AAAABCd4JXQ,PVTI_lAHOB1aXSc4BTuXVzgs65fM,OK,,1778948031
0516_Rev_096,196,I_kwDOR560RM8AAAABCd4Kjg,PVTI_lAHOB1aXSc4BTuXVzgs65fw,OK,,1778948034
0516_Rev_097,197,I_kwDOR560RM8AAAABCd4LBg,PVTI_lAHOB1aXSc4BTuXVzgs65gY,OK,,1778948037
0516_Rev_098,198,I_kwDOR560RM8AAAABCd4MWw,PVTI_lAHOB1aXSc4BTuXVzgs65hQ,OK,,1778948041
0516_Rev_099,199,I_kwDOR560RM8AAAABCd4NWg,PVTI_lAHOB1aXSc4BTuXVzgs65h8,OK,,1778948044
0516_Rev_100,200,I_kwDOR560RM8AAAABCd4OCg,PVTI_lAHOB1aXSc4BTuXVzgs65is,OK,,1778948048
0516_Rev_101,201,I_kwDOR560RM8AAAABCd4OrQ,PVTI_lAHOB1aXSc4BTuXVzgs65jc,OK,,1778948051
0516_Rev_102,202,I_kwDOR560RM8AAAABCd4P1g,PVTI_lAHOB1aXSc4BTuXVzgs65j0,OK,,1778948054
0516_Rev_103,203,I_kwDOR560RM8AAAABCd4Qzg,PVTI_lAHOB1aXSc4BTuXVzgs65kw,OK,,1778948057
0516_Rev_104,204,I_kwDOR560RM8AAAABCd4RsA,PVTI_lAHOB1aXSc4BTuXVzgs65lo,OK,,1778948061
0516_Rev_105,205,I_kwDOR560RM8AAAABCd4Svg,PVTI_lAHOB1aXSc4BTuXVzgs65mg,OK,,1778948064
0516_Rev_106,206,I_kwDOR560RM8AAAABCd4TXQ,PVTI_lAHOB1aXSc4BTuXVzgs65nM,OK,,1778948067
0516_Rev_107,207,I_kwDOR560RM8AAAABCd4UJA,PVTI_lAHOB1aXSc4BTuXVzgs65nk,OK,,1778948070
0516_Rev_108,208,I_kwDOR560RM8AAAABCd4U5w,PVTI_lAHOB1aXSc4BTuXVzgs65oI,OK,,1778948074
0516_Rev_109,209,I_kwDOR560RM8AAAABCd4XBQ,PVTI_lAHOB1aXSc4BTuXVzgs65o0,OK,,1778948077
0516_Rev_110,210,I_kwDOR560RM8AAAABCd4XlA,PVTI_lAHOB1aXSc4BTuXVzgs65pc,OK,,1778948080
0516_Rev_111,211,I_kwDOR560RM8AAAABCd4YIw,PVTI_lAHOB1aXSc4BTuXVzgs65p8,OK,,1778948084
0516_Rev_112,212,I_kwDOR560RM8AAAABCd4YwQ,PVTI_lAHOB1aXSc4BTuXVzgs65ro,OK,,1778948087
0516_Rev_113,213,I_kwDOR560RM8AAAABCd4ZWg,PVTI_lAHOB1aXSc4BTuXVzgs65sI,OK,,1778948091
0516_Rev_114,214,I_kwDOR560RM8AAAABCd4Z2g,PVTI_lAHOB1aXSc4BTuXVzgs65so,OK,,1778948094
0516_Rev_115,215,I_kwDOR560RM8AAAABCd4a-A,PVTI_lAHOB1aXSc4BTuXVzgs65tY,OK,,1778948097
0516_Rev_116,216,I_kwDOR560RM8AAAABCd4bmA,PVTI_lAHOB1aXSc4BTuXVzgs65to,OK,,1778948101
0516_Rev_117,217,I_kwDOR560RM8AAAABCd4cHQ,PVTI_lAHOB1aXSc4BTuXVzgs65uA,OK,,1778948104
0516_Rev_118,218,I_kwDOR560RM8AAAABCd4czA,PVTI_lAHOB1aXSc4BTuXVzgs65uU,OK,,1778948107
0516_Rev_119,219,I_kwDOR560RM8AAAABCd4dgA,PVTI_lAHOB1aXSc4BTuXVzgs65uw,OK,,1778948110
0516_Rev_120,220,I_kwDOR560RM8AAAABCd4esg,PVTI_lAHOB1aXSc4BTuXVzgs65vE,OK,,1778948114
0516_Rev_121,221,I_kwDOR560RM8AAAABCd4fZA,PVTI_lAHOB1aXSc4BTuXVzgs65vc,OK,,1778948117
0516_Rev_122,222,I_kwDOR560RM8AAAABCd4gVA,PVTI_lAHOB1aXSc4BTuXVzgs65wI,OK,,1778948120
0516_Rev_123,223,I_kwDOR560RM8AAAABCd4g8Q,PVTI_lAHOB1aXSc4BTuXVzgs65wc,OK,,1778948124
0516_Rev_124,224,I_kwDOR560RM8AAAABCd4hqA,PVTI_lAHOB1aXSc4BTuXVzgs65w4,OK,,1778948128
0516_Rev_125,225,I_kwDOR560RM8AAAABCd4i5w,PVTI_lAHOB1aXSc4BTuXVzgs65xI,OK,,1778948131
0516_Rev_126,226,I_kwDOR560RM8AAAABCd4jYw,PVTI_lAHOB1aXSc4BTuXVzgs65xk,OK,,1778948134
0516_Rev_127,227,I_kwDOR560RM8AAAABCd4kpQ,PVTI_lAHOB1aXSc4BTuXVzgs65yE,OK,,1778948138
0516_Rev_128,228,I_kwDOR560RM8AAAABCd4lRw,PVTI_lAHOB1aXSc4BTuXVzgs65yg,OK,,1778948141
0516_Rev_129,229,I_kwDOR560RM8AAAABCd4l6w,PVTI_lAHOB1aXSc4BTuXVzgs65y0,OK,,1778948144
0516_Rev_130,230,I_kwDOR560RM8AAAABCd4mmA,PVTI_lAHOB1aXSc4BTuXVzgs65zY,OK,,1778948148
0516_Rev_131,231,I_kwDOR560RM8AAAABCd4nyw,PVTI_lAHOB1aXSc4BTuXVzgs651Q,OK,,1778948151
0516_Rev_132,232,I_kwDOR560RM8AAAABCd4oaA,PVTI_lAHOB1aXSc4BTuXVzgs653g,OK,,1778948154
0516_Rev_133,233,I_kwDOR560RM8AAAABCd4ppA,PVTI_lAHOB1aXSc4BTuXVzgs655o,OK,,1778948158
0516_Rev_134,234,I_kwDOR560RM8AAAABCd4qRA,PVTI_lAHOB1aXSc4BTuXVzgs656o,OK,,1778948161
0516_Rev_135,235,I_kwDOR560RM8AAAABCd4q3Q,PVTI_lAHOB1aXSc4BTuXVzgs6574,OK,,1778948165
0516_Rev_136,236,I_kwDOR560RM8AAAABCd4sOA,PVTI_lAHOB1aXSc4BTuXVzgs658Q,OK,,1778948168
0516_Rev_137,237,I_kwDOR560RM8AAAABCd4tGg,PVTI_lAHOB1aXSc4BTuXVzgs658o,OK,,1778948171
0516_Rev_138,238,I_kwDOR560RM8AAAABCd4tog,PVTI_lAHOB1aXSc4BTuXVzgs659Y,OK,,1778948174
0516_Rev_139,239,I_kwDOR560RM8AAAABCd4urA,PVTI_lAHOB1aXSc4BTuXVzgs659s,OK,,1778948178
0516_Rev_140,240,I_kwDOR560RM8AAAABCd4vUA,PVTI_lAHOB1aXSc4BTuXVzgs65-o,OK,,1778948181
0516_Rev_141,241,I_kwDOR560RM8AAAABCd4wNg,PVTI_lAHOB1aXSc4BTuXVzgs65_M,OK,,1778948184
0516_Rev_142,242,I_kwDOR560RM8AAAABCd4w3A,PVTI_lAHOB1aXSc4BTuXVzgs66AE,OK,,1778948187
0516_Rev_143,243,I_kwDOR560RM8AAAABCd4xaw,PVTI_lAHOB1aXSc4BTuXVzgs66A0,OK,,1778948190
0516_Rev_144,244,I_kwDOR560RM8AAAABCd4yEQ,PVTI_lAHOB1aXSc4BTuXVzgs66Bs,OK,,1778948193
0516_Rev_145,245,I_kwDOR560RM8AAAABCd4zRA,PVTI_lAHOB1aXSc4BTuXVzgs66Ck,OK,,1778948196
0516_Rev_146,246,I_kwDOR560RM8AAAABCd4z0A,PVTI_lAHOB1aXSc4BTuXVzgs66Do,OK,,1778948200
0516_Rev_147,247,I_kwDOR560RM8AAAABCd40ag,PVTI_lAHOB1aXSc4BTuXVzgs66FU,OK,,1778948203
0516_Rev_148,248,I_kwDOR560RM8AAAABCd408g,PVTI_lAHOB1aXSc4BTuXVzgs66GE,OK,,1778948206
0516_Rev_149,249,I_kwDOR560RM8AAAABCd41gA,PVTI_lAHOB1aXSc4BTuXVzgs66G8,OK,,1778948210
0516_Rev_150,250,I_kwDOR560RM8AAAABCd42pw,PVTI_lAHOB1aXSc4BTuXVzgs66HU,OK,,1778948213
0516_Rev_151,251,I_kwDOR560RM8AAAABCd43RQ,PVTI_lAHOB1aXSc4BTuXVzgs66H4,OK,,1778948216
0516_Rev_152,252,I_kwDOR560RM8AAAABCd43zA,PVTI_lAHOB1aXSc4BTuXVzgs66Ik,OK,,1778948219
0516_Rev_153,253,I_kwDOR560RM8AAAABCd44jA,PVTI_lAHOB1aXSc4BTuXVzgs66JM,OK,,1778948222
0516_Rev_154,254,I_kwDOR560RM8AAAABCd450w,PVTI_lAHOB1aXSc4BTuXVzgs66J0,OK,,1778948225
0516_Rev_155,255,I_kwDOR560RM8AAAABCd46cw,PVTI_lAHOB1aXSc4BTuXVzgs66KY,OK,,1778948229
0516_Rev_156,256,I_kwDOR560RM8AAAABCd47Jw,PVTI_lAHOB1aXSc4BTuXVzgs66K8,OK,,1778948232
0516_Rev_157,257,I_kwDOR560RM8AAAABCd475A,PVTI_lAHOB1aXSc4BTuXVzgs66LY,OK,,1778948236
0516_Rev_158,258,I_kwDOR560RM8AAAABCd49pA,PVTI_lAHOB1aXSc4BTuXVzgs66MY,OK,,1778948239
0516_Rev_159,259,I_kwDOR560RM8AAAABCd4-Og,PVTI_lAHOB1aXSc4BTuXVzgs66Mk,OK,,1778948243
0516_Rev_160,260,I_kwDOR560RM8AAAABCd4-5A,PVTI_lAHOB1aXSc4BTuXVzgs66Mw,OK,,1778948246
0516_Rev_161,261,I_kwDOR560RM8AAAABCd4_hQ,PVTI_lAHOB1aXSc4BTuXVzgs66Nc,OK,,1778948250
0516_Rev_162,262,I_kwDOR560RM8AAAABCd5ADA,PVTI_lAHOB1aXSc4BTuXVzgs66Ns,OK,,1778948253
0516_Rev_163,263,I_kwDOR560RM8AAAABCd5BNQ,PVTI_lAHOB1aXSc4BTuXVzgs66OA,OK,,1778948256
0516_Rev_164,264,I_kwDOR560RM8AAAABCd5B3A,PVTI_lAHOB1aXSc4BTuXVzgs66Og,OK,,1778948260
0516_Rev_165,265,I_kwDOR560RM8AAAABCd5CaA,PVTI_lAHOB1aXSc4BTuXVzgs66O8,OK,,1778948263
0516_Rev_166,266,I_kwDOR560RM8AAAABCd5C7Q,PVTI_lAHOB1aXSc4BTuXVzgs66PM,OK,,1778948266
0516_Rev_167,267,I_kwDOR560RM8AAAABCd5DkA,PVTI_lAHOB1aXSc4BTuXVzgs66Pc,OK,,1778948269
0516_Rev_168,268,I_kwDOR560RM8AAAABCd5FIA,PVTI_lAHOB1aXSc4BTuXVzgs66QQ,OK,,1778948273
0516_Rev_169,269,I_kwDOR560RM8AAAABCd5Fwg,PVTI_lAHOB1aXSc4BTuXVzgs66Q8,OK,,1778948276
0516_Rev_170,270,I_kwDOR560RM8AAAABCd5GVg,PVTI_lAHOB1aXSc4BTuXVzgs66Ro,OK,,1778948279
0516_Rev_171,271,I_kwDOR560RM8AAAABCd5G0Q,PVTI_lAHOB1aXSc4BTuXVzgs66SQ,OK,,1778948283
0516_Rev_172,272,I_kwDOR560RM8AAAABCd5H_w,PVTI_lAHOB1aXSc4BTuXVzgs66Ss,OK,,1778948286
0516_Rev_173,273,I_kwDOR560RM8AAAABCd5JPQ,PVTI_lAHOB1aXSc4BTuXVzgs66TQ,OK,,1778948290
0516_Rev_174,274,I_kwDOR560RM8AAAABCd5J0Q,PVTI_lAHOB1aXSc4BTuXVzgs66T0,OK,,1778948293
0516_Rev_175,275,I_kwDOR560RM8AAAABCd5Kog,PVTI_lAHOB1aXSc4BTuXVzgs66UM,OK,,1778948297
0516_Rev_176,276,I_kwDOR560RM8AAAABCd5LOw,PVTI_lAHOB1aXSc4BTuXVzgs66VI,OK,,1778948300
0516_Rev_177,277,I_kwDOR560RM8AAAABCd5NAA,PVTI_lAHOB1aXSc4BTuXVzgs66Vs,OK,,1778948304
0516_Rev_178,278,I_kwDOR560RM8AAAABCd5NgQ,PVTI_lAHOB1aXSc4BTuXVzgs66WI,OK,,1778948307
0516_Rev_179,279,I_kwDOR560RM8AAAABCd5OAw,PVTI_lAHOB1aXSc4BTuXVzgs66W4,OK,,1778948310
0516_Rev_180,280,I_kwDOR560RM8AAAABCd5OtA,PVTI_lAHOB1aXSc4BTuXVzgs66XY,OK,,1778948314
0516_Rev_181,281,I_kwDOR560RM8AAAABCd5Pog,PVTI_lAHOB1aXSc4BTuXVzgs66YE,OK,,1778948317
0516_Rev_182,282,I_kwDOR560RM8AAAABCd5Q5Q,PVTI_lAHOB1aXSc4BTuXVzgs66Yo,OK,,1778948320
0516_Rev_183,283,I_kwDOR560RM8AAAABCd5RdA,PVTI_lAHOB1aXSc4BTuXVzgs66ZQ,OK,,1778948324
0516_Rev_184,284,I_kwDOR560RM8AAAABCd5SCQ,PVTI_lAHOB1aXSc4BTuXVzgs66aE,OK,,1778948328
0516_Rev_185,285,I_kwDOR560RM8AAAABCd5TKw,PVTI_lAHOB1aXSc4BTuXVzgs66ag,OK,,1778948332
0516_Rev_186,286,I_kwDOR560RM8AAAABCd5Tpw,PVTI_lAHOB1aXSc4BTuXVzgs66a4,OK,,1778948335
0516_Rev_187,287,I_kwDOR560RM8AAAABCd5UtQ,PVTI_lAHOB1aXSc4BTuXVzgs66bg,OK,,1778948339
0516_Rev_188,288,I_kwDOR560RM8AAAABCd5VTA,PVTI_lAHOB1aXSc4BTuXVzgs66b0,OK,,1778948342
0516_Rev_189,289,I_kwDOR560RM8AAAABCd5V5w,PVTI_lAHOB1aXSc4BTuXVzgs66cU,OK,,1778948345
0516_Rev_190,290,I_kwDOR560RM8AAAABCd5WmA,PVTI_lAHOB1aXSc4BTuXVzgs66cs,OK,,1778948349
0516_Rev_191,291,I_kwDOR560RM8AAAABCd5XNQ,PVTI_lAHOB1aXSc4BTuXVzgs66dI,OK,,1778948352
0516_Rev_192,292,I_kwDOR560RM8AAAABCd5X8w,PVTI_lAHOB1aXSc4BTuXVzgs66ds,OK,,1778948355
0516_Rev_193,293,I_kwDOR560RM8AAAABCd5YdA,PVTI_lAHOB1aXSc4BTuXVzgs66eI,OK,,1778948358
0516_Rev_194,294,I_kwDOR560RM8AAAABCd5Y5Q,PVTI_lAHOB1aXSc4BTuXVzgs66eg,OK,,1778948362
0516_Rev_195,295,I_kwDOR560RM8AAAABCd5ZbQ,PVTI_lAHOB1aXSc4BTuXVzgs66e0,OK,,1778948365
0516_Rev_196,296,I_kwDOR560RM8AAAABCd5Z_A,PVTI_lAHOB1aXSc4BTuXVzgs66fM,OK,,1778948368
0516_Rev_197,297,I_kwDOR560RM8AAAABCd5aoA,PVTI_lAHOB1aXSc4BTuXVzgs66fU,OK,,1778948372
0516_Rev_198,298,I_kwDOR560RM8AAAABCd5bVQ,PVTI_lAHOB1aXSc4BTuXVzgs66fs,OK,,1778948375
0516_Rev_199,299,I_kwDOR560RM8AAAABCd5b8A,PVTI_lAHOB1aXSc4BTuXVzgs66gE,OK,,1778948378
0516_Rev_200,300,I_kwDOR560RM8AAAABCd5cbg,PVTI_lAHOB1aXSc4BTuXVzgs66g0,OK,,1778948382
0516_Rev_201,301,I_kwDOR560RM8AAAABCd5dBw,PVTI_lAHOB1aXSc4BTuXVzgs66hQ,OK,,1778948385
0516_Rev_202,302,I_kwDOR560RM8AAAABCd5dkA,PVTI_lAHOB1aXSc4BTuXVzgs66hk,OK,,1778948388
0516_Rev_203,303,I_kwDOR560RM8AAAABCd5eNA,PVTI_lAHOB1aXSc4BTuXVzgs66h8,OK,,1778948392
0516_Rev_204,304,I_kwDOR560RM8AAAABCd5e5w,PVTI_lAHOB1aXSc4BTuXVzgs66jI,OK,,1778948395
0516_Rev_205,305,I_kwDOR560RM8AAAABCd5ffg,PVTI_lAHOB1aXSc4BTuXVzgs66jo,OK,,1778948399
0516_Rev_206,306,I_kwDOR560RM8AAAABCd5gLg,PVTI_lAHOB1aXSc4BTuXVzgs66kc,OK,,1778948403
0516_Rev_207,307,I_kwDOR560RM8AAAABCd5gqw,PVTI_lAHOB1aXSc4BTuXVzgs66lI,OK,,1778948406
0516_Rev_208,308,I_kwDOR560RM8AAAABCd5hYQ,PVTI_lAHOB1aXSc4BTuXVzgs66ns,OK,,1778948409
0516_Rev_209,309,I_kwDOR560RM8AAAABCd5h4g,PVTI_lAHOB1aXSc4BTuXVzgs66o0,OK,,1778948412
0516_Rev_210,310,I_kwDOR560RM8AAAABCd5ieQ,PVTI_lAHOB1aXSc4BTuXVzgs66pU,OK,,1778948416
0516_Rev_211,311,I_kwDOR560RM8AAAABCd5jaw,PVTI_lAHOB1aXSc4BTuXVzgs66p0,OK,,1778948419
0516_Rev_212,312,I_kwDOR560RM8AAAABCd5kGg,PVTI_lAHOB1aXSc4BTuXVzgs66qU,OK,,1778948422
0516_Rev_213,313,I_kwDOR560RM8AAAABCd5krg,PVTI_lAHOB1aXSc4BTuXVzgs66q0,OK,,1778948426
0516_Rev_214,314,I_kwDOR560RM8AAAABCd5laA,PVTI_lAHOB1aXSc4BTuXVzgs66rc,OK,,1778948429
0516_Rev_215,315,I_kwDOR560RM8AAAABCd5mXQ,PVTI_lAHOB1aXSc4BTuXVzgs66rs,OK,,1778948433
0516_Rev_216,316,I_kwDOR560RM8AAAABCd5nMg,PVTI_lAHOB1aXSc4BTuXVzgs66sA,OK,,1778948436
0516_Rev_217,317,I_kwDOR560RM8AAAABCd5nvA,PVTI_lAHOB1aXSc4BTuXVzgs66sg,OK,,1778948440
0516_Rev_218,318,I_kwDOR560RM8AAAABCd5oVA,PVTI_lAHOB1aXSc4BTuXVzgs66tQ,OK,,1778948443
0516_Rev_219,319,I_kwDOR560RM8AAAABCd5pJw,PVTI_lAHOB1aXSc4BTuXVzgs66uI,OK,,1778948447
0516_Rev_220,320,I_kwDOR560RM8AAAABCd5ptQ,PVTI_lAHOB1aXSc4BTuXVzgs66vU,OK,,1778948450
0516_Rev_221,321,I_kwDOR560RM8AAAABCd5qVg,PVTI_lAHOB1aXSc4BTuXVzgs66wI,OK,,1778948453
0516_Rev_222,322,I_kwDOR560RM8AAAABCd5rDQ,PVTI_lAHOB1aXSc4BTuXVzgs66xM,OK,,1778948457
0516_Rev_223,323,I_kwDOR560RM8AAAABCd5rnw,PVTI_lAHOB1aXSc4BTuXVzgs66x4,OK,,1778948460
0516_Rev_224,324,I_kwDOR560RM8AAAABCd5sNQ,PVTI_lAHOB1aXSc4BTuXVzgs66zI,OK,,1778948463
0516_Rev_225,325,I_kwDOR560RM8AAAABCd5s1w,PVTI_lAHOB1aXSc4BTuXVzgs66z8,OK,,1778948467
0516_Rev_226,326,I_kwDOR560RM8AAAABCd5tcw,PVTI_lAHOB1aXSc4BTuXVzgs661M,OK,,1778948470
0516_Rev_227,327,I_kwDOR560RM8AAAABCd5uPA,PVTI_lAHOB1aXSc4BTuXVzgs6618,OK,,1778948474
0516_Rev_228,328,I_kwDOR560RM8AAAABCd5u1w,PVTI_lAHOB1aXSc4BTuXVzgs663A,OK,,1778948477
0516_Rev_229,329,I_kwDOR560RM8AAAABCd5v-g,PVTI_lAHOB1aXSc4BTuXVzgs664I,OK,,1778948481
0516_Rev_230,330,I_kwDOR560RM8AAAABCd5wkQ,PVTI_lAHOB1aXSc4BTuXVzgs665A,OK,,1778948484
0516_Rev_231,331,I_kwDOR560RM8AAAABCd5xIA,PVTI_lAHOB1aXSc4BTuXVzgs665w,OK,,1778948487
0516_Rev_232,332,I_kwDOR560RM8AAAABCd5xvg,PVTI_lAHOB1aXSc4BTuXVzgs666Y,OK,,1778948491
0516_Rev_233,333,I_kwDOR560RM8AAAABCd5zdQ,PVTI_lAHOB1aXSc4BTuXVzgs667E,OK,,1778948494
0516_Rev_234,334,I_kwDOR560RM8AAAABCd50DA,PVTI_lAHOB1aXSc4BTuXVzgs6674,OK,,1778948497
0516_Rev_235,335,I_kwDOR560RM8AAAABCd51Vw,PVTI_lAHOB1aXSc4BTuXVzgs6688,OK,,1778948501
0516_Rev_236,336,I_kwDOR560RM8AAAABCd52cg,PVTI_lAHOB1aXSc4BTuXVzgs669g,OK,,1778948504
0516_Rev_237,337,I_kwDOR560RM8AAAABCd53nQ,PVTI_lAHOB1aXSc4BTuXVzgs66_g,OK,,1778948508
0516_Rev_238,338,I_kwDOR560RM8AAAABCd54qg,PVTI_lAHOB1aXSc4BTuXVzgs67Cw,OK,,1778948511
0516_Rev_239,339,I_kwDOR560RM8AAAABCd55Sg,PVTI_lAHOB1aXSc4BTuXVzgs67Dw,OK,,1778948515
0516_Rev_240,340,I_kwDOR560RM8AAAABCd554w,PVTI_lAHOB1aXSc4BTuXVzgs67Eg,OK,,1778948518
0516_Rev_241,341,I_kwDOR560RM8AAAABCd57uw,PVTI_lAHOB1aXSc4BTuXVzgs67Fo,OK,,1778948522
0516_Rev_242,342,I_kwDOR560RM8AAAABCd59CQ,PVTI_lAHOB1aXSc4BTuXVzgs67GI,OK,,1778948525
0516_Rev_243,343,I_kwDOR560RM8AAAABCd59_g,PVTI_lAHOB1aXSc4BTuXVzgs67G4,OK,,1778948529
0516_Rev_244,344,I_kwDOR560RM8AAAABCd5-vg,PVTI_lAHOB1aXSc4BTuXVzgs67Ho,OK,,1778948532
0516_Rev_245,345,I_kwDOR560RM8AAAABCd5_Tg,PVTI_lAHOB1aXSc4BTuXVzgs67II,OK,,1778948535
0516_Rev_246,346,I_kwDOR560RM8AAAABCd6AbA,PVTI_lAHOB1aXSc4BTuXVzgs67Io,OK,,1778948539
0516_Rev_247,347,I_kwDOR560RM8AAAABCd6A-w,PVTI_lAHOB1aXSc4BTuXVzgs67Jw,OK,,1778948542
0516_Rev_248,348,I_kwDOR560RM8AAAABCd6CLg,PVTI_lAHOB1aXSc4BTuXVzgs67Kc,OK,,1778948545
0516_Rev_249,349,I_kwDOR560RM8AAAABCd6Ddg,PVTI_lAHOB1aXSc4BTuXVzgs67K4,OK,,1778948549
0516_Rev_250,350,I_kwDOR560RM8AAAABCd6ECg,PVTI_lAHOB1aXSc4BTuXVzgs67Lc,OK,,1778948552
0516_Rev_251,351,I_kwDOR560RM8AAAABCd6FXg,PVTI_lAHOB1aXSc4BTuXVzgs67MQ,OK,,1778948556
0516_Rev_252,352,I_kwDOR560RM8AAAABCd6GkA,PVTI_lAHOB1aXSc4BTuXVzgs67NA,OK,,1778948559
0516_Rev_253,353,I_kwDOR560RM8AAAABCd6HlQ,PVTI_lAHOB1aXSc4BTuXVzgs67Nk,OK,,1778948562
0516_Rev_254,354,I_kwDOR560RM8AAAABCd6ILg,PVTI_lAHOB1aXSc4BTuXVzgs67OU,OK,,1778948566
0516_Rev_255,355,I_kwDOR560RM8AAAABCd6J7g,PVTI_lAHOB1aXSc4BTuXVzgs67PE,OK,,1778948569
0516_Rev_256,356,I_kwDOR560RM8AAAABCd6Keg,PVTI_lAHOB1aXSc4BTuXVzgs67Pw,OK,,1778948572
0516_Rev_257,357,I_kwDOR560RM8AAAABCd6Lgw,PVTI_lAHOB1aXSc4BTuXVzgs67Qw,OK,,1778948576
0516_Rev_258,358,I_kwDOR560RM8AAAABCd6MDA,PVTI_lAHOB1aXSc4BTuXVzgs67RY,OK,,1778948579
0516_Rev_259,359,I_kwDOR560RM8AAAABCd6MlA,PVTI_lAHOB1aXSc4BTuXVzgs67R4,OK,,1778948582
0516_Rev_260,360,I_kwDOR560RM8AAAABCd6NzA,PVTI_lAHOB1aXSc4BTuXVzgs67So,OK,,1778948586
0516_Rev_261,361,I_kwDOR560RM8AAAABCd6OYw,PVTI_lAHOB1aXSc4BTuXVzgs67TQ,OK,,1778948589
0516_Rev_262,362,I_kwDOR560RM8AAAABCd6Pgw,PVTI_lAHOB1aXSc4BTuXVzgs67T8,OK,,1778948592
0516_Rev_263,363,I_kwDOR560RM8AAAABCd6QLA,PVTI_lAHOB1aXSc4BTuXVzgs67Us,OK,,1778948595
0516_Rev_264,364,I_kwDOR560RM8AAAABCd6RbA,PVTI_lAHOB1aXSc4BTuXVzgs67Vc,OK,,1778948598
0516_Rev_265,365,I_kwDOR560RM8AAAABCd6SCA,PVTI_lAHOB1aXSc4BTuXVzgs67WM,OK,,1778948602
0516_Rev_266,366,I_kwDOR560RM8AAAABCd6SnA,PVTI_lAHOB1aXSc4BTuXVzgs67XM,OK,,1778948605
0516_Rev_267,367,I_kwDOR560RM8AAAABCd6T0A,PVTI_lAHOB1aXSc4BTuXVzgs67X0,OK,,1778948608
0516_Rev_268,368,I_kwDOR560RM8AAAABCd6VKg,PVTI_lAHOB1aXSc4BTuXVzgs67Yw,OK,,1778948612
0516_Rev_269,369,I_kwDOR560RM8AAAABCd6VzQ,PVTI_lAHOB1aXSc4BTuXVzgs67ZQ,OK,,1778948615
0516_Rev_270,370,I_kwDOR560RM8AAAABCd6Wnw,PVTI_lAHOB1aXSc4BTuXVzgs67Zw,OK,,1778948619
0516_Rev_271,371,I_kwDOR560RM8AAAABCd6X9Q,PVTI_lAHOB1aXSc4BTuXVzgs67aM,OK,,1778948623
0516_Rev_272,372,I_kwDOR560RM8AAAABCd6ZMw,PVTI_lAHOB1aXSc4BTuXVzgs67aw,OK,,1778948626
0516_Rev_273,373,I_kwDOR560RM8AAAABCd6Zww,PVTI_lAHOB1aXSc4BTuXVzgs67bs,OK,,1778948630
0516_Rev_274,374,I_kwDOR560RM8AAAABCd6adQ,PVTI_lAHOB1aXSc4BTuXVzgs67cs,OK,,1778948633
0516_Rev_275,375,I_kwDOR560RM8AAAABCd6bqQ,PVTI_lAHOB1aXSc4BTuXVzgs67c8,OK,,1778948636
0516_Rev_276,376,I_kwDOR560RM8AAAABCd6cSw,PVTI_lAHOB1aXSc4BTuXVzgs67dU,OK,,1778948640
0516_Rev_277,377,I_kwDOR560RM8AAAABCd6c5g,PVTI_lAHOB1aXSc4BTuXVzgs67eM,OK,,1778948643
0516_Rev_278,378,I_kwDOR560RM8AAAABCd6eFg,PVTI_lAHOB1aXSc4BTuXVzgs67eo,OK,,1778948647
0516_Rev_279,379,I_kwDOR560RM8AAAABCd6etw,PVTI_lAHOB1aXSc4BTuXVzgs67e4,OK,,1778948650
0516_Rev_280,380,I_kwDOR560RM8AAAABCd6f6w,PVTI_lAHOB1aXSc4BTuXVzgs67fY,OK,,1778948653
0516_Rev_281,381,I_kwDOR560RM8AAAABCd6ghQ,PVTI_lAHOB1aXSc4BTuXVzgs67f0,OK,,1778948657
0516_Rev_282,382,I_kwDOR560RM8AAAABCd6hbQ,PVTI_lAHOB1aXSc4BTuXVzgs67gQ,OK,,1778948660
0516_Rev_283,383,I_kwDOR560RM8AAAABCd6h_w,PVTI_lAHOB1aXSc4BTuXVzgs67g0,OK,,1778948663
0516_Rev_284,384,I_kwDOR560RM8AAAABCd6jLg,PVTI_lAHOB1aXSc4BTuXVzgs67hY,OK,,1778948666
0516_Rev_285,385,I_kwDOR560RM8AAAABCd6jwQ,PVTI_lAHOB1aXSc4BTuXVzgs67h8,OK,,1778948669
0516_Rev_286,386,I_kwDOR560RM8AAAABCd6kVA,PVTI_lAHOB1aXSc4BTuXVzgs67ig,OK,,1778948673
0516_Rev_287,387,I_kwDOR560RM8AAAABCd6k3Q,PVTI_lAHOB1aXSc4BTuXVzgs67jk,OK,,1778948676
0516_Rev_288,388,I_kwDOR560RM8AAAABCd6l8w,PVTI_lAHOB1aXSc4BTuXVzgs67j0,OK,,1778948679
0516_Rev_289,389,I_kwDOR560RM8AAAABCd6miA,PVTI_lAHOB1aXSc4BTuXVzgs67kM,OK,,1778948682
0516_Rev_290,390,I_kwDOR560RM8AAAABCd6nEA,PVTI_lAHOB1aXSc4BTuXVzgs67ko,OK,,1778948686
0516_Rev_291,391,I_kwDOR560RM8AAAABCd6nnA,PVTI_lAHOB1aXSc4BTuXVzgs67lI,OK,,1778948689
0516_Rev_292,392,I_kwDOR560RM8AAAABCd6otg,PVTI_lAHOB1aXSc4BTuXVzgs67ls,OK,,1778948693
0516_Rev_293,393,I_kwDOR560RM8AAAABCd6pZg,PVTI_lAHOB1aXSc4BTuXVzgs67l4,OK,,1778948696
0516_Rev_294,394,I_kwDOR560RM8AAAABCd6qFA,PVTI_lAHOB1aXSc4BTuXVzgs67mc,OK,,1778948700
0516_Rev_295,395,I_kwDOR560RM8AAAABCd6rFQ,PVTI_lAHOB1aXSc4BTuXVzgs67mw,OK,,1778948703
0516_Rev_296,396,I_kwDOR560RM8AAAABCd6rpg,PVTI_lAHOB1aXSc4BTuXVzgs67nM,OK,,1778948706
0516_Rev_297,397,I_kwDOR560RM8AAAABCd6sqw,PVTI_lAHOB1aXSc4BTuXVzgs67nY,OK,,1778948710
0516_Rev_298,398,I_kwDOR560RM8AAAABCd6tYA,PVTI_lAHOB1aXSc4BTuXVzgs67n4,OK,,1778948713
0516_Rev_299,399,I_kwDOR560RM8AAAABCd6t8g,PVTI_lAHOB1aXSc4BTuXVzgs67oQ,OK,,1778948717
0516_Rev_300,400,I_kwDOR560RM8AAAABCd6uiQ,PVTI_lAHOB1aXSc4BTuXVzgs67o8,OK,,1778948720
0516_Rev_301,401,I_kwDOR560RM8AAAABCd6vNA,PVTI_lAHOB1aXSc4BTuXVzgs67pU,OK,,1778948724
0516_Rev_302,402,I_kwDOR560RM8AAAABCd6wXw,PVTI_lAHOB1aXSc4BTuXVzgs67qA,OK,,1778948727
0516_Rev_303,403,I_kwDOR560RM8AAAABCd6w_g,PVTI_lAHOB1aXSc4BTuXVzgs67qg,OK,,1778948730
0516_Rev_304,404,I_kwDOR560RM8AAAABCd6xfw,PVTI_lAHOB1aXSc4BTuXVzgs67rA,OK,,1778948733
0516_Rev_305,405,I_kwDOR560RM8AAAABCd6yBw,PVTI_lAHOB1aXSc4BTuXVzgs67rU,OK,,1778948737
0516_Rev_306,406,I_kwDOR560RM8AAAABCd6zIQ,PVTI_lAHOB1aXSc4BTuXVzgs67r0,OK,,1778948740
0516_Rev_307,407,I_kwDOR560RM8AAAABCd60BA,PVTI_lAHOB1aXSc4BTuXVzgs67sU,OK,,1778948744
0516_Rev_308,408,I_kwDOR560RM8AAAABCd60ug,PVTI_lAHOB1aXSc4BTuXVzgs67so,OK,,1778948748
0516_Rev_309,409,I_kwDOR560RM8AAAABCd61XQ,PVTI_lAHOB1aXSc4BTuXVzgs67tM,OK,,1778948751
0516_Rev_310,410,I_kwDOR560RM8AAAABCd62iw,PVTI_lAHOB1aXSc4BTuXVzgs67tY,OK,,1778948755
0516_Rev_311,411,I_kwDOR560RM8AAAABCd63Gg,PVTI_lAHOB1aXSc4BTuXVzgs67t4,OK,,1778948758
0516_Rev_312,412,I_kwDOR560RM8AAAABCd63ow,PVTI_lAHOB1aXSc4BTuXVzgs67uY,OK,,1778948762
0516_Rev_313,413,I_kwDOR560RM8AAAABCd64aQ,PVTI_lAHOB1aXSc4BTuXVzgs67u0,OK,,1778948765
0516_Rev_314,414,I_kwDOR560RM8AAAABCd65hg,PVTI_lAHOB1aXSc4BTuXVzgs67vU,OK,,1778948768
0516_Rev_315,415,I_kwDOR560RM8AAAABCd66EA,PVTI_lAHOB1aXSc4BTuXVzgs67vo,OK,,1778948772
0516_Rev_316,416,I_kwDOR560RM8AAAABCd66ng,PVTI_lAHOB1aXSc4BTuXVzgs67wU,OK,,1778948775
0516_Rev_317,417,I_kwDOR560RM8AAAABCd67Jg,PVTI_lAHOB1aXSc4BTuXVzgs67w0,OK,,1778948779
0516_Rev_318,418,I_kwDOR560RM8AAAABCd673w,PVTI_lAHOB1aXSc4BTuXVzgs67xM,OK,,1778948782
0516_Rev_319,419,I_kwDOR560RM8AAAABCd68ig,PVTI_lAHOB1aXSc4BTuXVzgs67x0,OK,,1778948785
0516_Rev_320,420,I_kwDOR560RM8AAAABCd69Ow,PVTI_lAHOB1aXSc4BTuXVzgs67yY,OK,,1778948789
0516_Rev_321,421,I_kwDOR560RM8AAAABCd6-Xw,PVTI_lAHOB1aXSc4BTuXVzgs67zA,OK,,1778948792
0516_Rev_322,422,I_kwDOR560RM8AAAABCd6--g,PVTI_lAHOB1aXSc4BTuXVzgs67zw,OK,,1778948796
0516_Rev_323,423,I_kwDOR560RM8AAAABCd6_tg,PVTI_lAHOB1aXSc4BTuXVzgs670Q,OK,,1778948799
0516_Rev_324,424,I_kwDOR560RM8AAAABCd7ASw,PVTI_lAHOB1aXSc4BTuXVzgs6704,OK,,1778948802
0516_Rev_325,425,I_kwDOR560RM8AAAABCd7Bbw,PVTI_lAHOB1aXSc4BTuXVzgs671k,OK,,1778948806
0516_Rev_326,426,I_kwDOR560RM8AAAABCd7B-g,PVTI_lAHOB1aXSc4BTuXVzgs6710,OK,,1778948809
0516_Rev_327,427,I_kwDOR560RM8AAAABCd7CfQ,PVTI_lAHOB1aXSc4BTuXVzgs672E,OK,,1778948812
0516_Rev_328,428,I_kwDOR560RM8AAAABCd7C_A,PVTI_lAHOB1aXSc4BTuXVzgs672s,OK,,1778948816
0516_Rev_329,429,I_kwDOR560RM8AAAABCd7DzQ,PVTI_lAHOB1aXSc4BTuXVzgs673k,OK,,1778948819
0516_Rev_330,430,I_kwDOR560RM8AAAABCd7E1w,PVTI_lAHOB1aXSc4BTuXVzgs674Y,OK,,1778948822
0516_Rev_331,431,I_kwDOR560RM8AAAABCd7FYg,PVTI_lAHOB1aXSc4BTuXVzgs6748,OK,,1778948825
0516_Rev_332,432,I_kwDOR560RM8AAAABCd7F7g,PVTI_lAHOB1aXSc4BTuXVzgs6754,OK,,1778948829
0516_Rev_333,433,I_kwDOR560RM8AAAABCd7Gpw,PVTI_lAHOB1aXSc4BTuXVzgs677Q,OK,,1778948832
0516_Rev_334,434,I_kwDOR560RM8AAAABCd7Hyg,PVTI_lAHOB1aXSc4BTuXVzgs6778,OK,,1778948835
0516_Rev_335,435,I_kwDOR560RM8AAAABCd7IVw,PVTI_lAHOB1aXSc4BTuXVzgs678o,OK,,1778948839
0516_Rev_336,436,I_kwDOR560RM8AAAABCd7I8Q,PVTI_lAHOB1aXSc4BTuXVzgs679s,OK,,1778948842
0516_Rev_337,437,I_kwDOR560RM8AAAABCd7JlQ,PVTI_lAHOB1aXSc4BTuXVzgs6794,OK,,1778948845
0516_Rev_338,438,I_kwDOR560RM8AAAABCd7KQA,PVTI_lAHOB1aXSc4BTuXVzgs67-w,OK,,1778948849
0516_Rev_339,439,I_kwDOR560RM8AAAABCd7Lfw,PVTI_lAHOB1aXSc4BTuXVzgs67_o,OK,,1778948852
0516_Rev_340,440,I_kwDOR560RM8AAAABCd7MCQ,PVTI_lAHOB1aXSc4BTuXVzgs67_8,OK,,1778948855
0516_Rev_341,441,I_kwDOR560RM8AAAABCd7Mqw,PVTI_lAHOB1aXSc4BTuXVzgs68As,OK,,1778948859
0516_Rev_342,442,I_kwDOR560RM8AAAABCd7NbQ,PVTI_lAHOB1aXSc4BTuXVzgs68BM,OK,,1778948863
0516_Rev_343,443,I_kwDOR560RM8AAAABCd7OnQ,PVTI_lAHOB1aXSc4BTuXVzgs68Bo,OK,,1778948866
0516_Rev_344,444,I_kwDOR560RM8AAAABCd7PNw,PVTI_lAHOB1aXSc4BTuXVzgs68CA,OK,,1778948870
0516_Rev_345,445,I_kwDOR560RM8AAAABCd7PzQ,PVTI_lAHOB1aXSc4BTuXVzgs68Co,OK,,1778948873
0516_Rev_346,446,I_kwDOR560RM8AAAABCd7QRQ,PVTI_lAHOB1aXSc4BTuXVzgs68DI,OK,,1778948876
0516_Rev_347,447,I_kwDOR560RM8AAAABCd7RUA,PVTI_lAHOB1aXSc4BTuXVzgs68Dg,OK,,1778948880
0516_Rev_348,448,I_kwDOR560RM8AAAABCd7SAA,PVTI_lAHOB1aXSc4BTuXVzgs68EA,OK,,1778948884
0516_Rev_349,449,I_kwDOR560RM8AAAABCd7SsA,PVTI_lAHOB1aXSc4BTuXVzgs68Es,OK,,1778948887
0516_Rev_350,450,I_kwDOR560RM8AAAABCd7TaA,PVTI_lAHOB1aXSc4BTuXVzgs68Fc,OK,,1778948891
0516_Rev_351,451,I_kwDOR560RM8AAAABCd7T_g,PVTI_lAHOB1aXSc4BTuXVzgs68Fs,OK,,1778948894
0516_Rev_352,452,I_kwDOR560RM8AAAABCd7U3g,PVTI_lAHOB1aXSc4BTuXVzgs68F8,OK,,1778948897
0516_Rev_353,453,I_kwDOR560RM8AAAABCd7Vig,PVTI_lAHOB1aXSc4BTuXVzgs68Go,OK,,1778948901
0516_Rev_354,454,I_kwDOR560RM8AAAABCd7WKA,PVTI_lAHOB1aXSc4BTuXVzgs68Hc,OK,,1778948904
0516_Rev_355,455,I_kwDOR560RM8AAAABCd7Xag,PVTI_lAHOB1aXSc4BTuXVzgs68IQ,OK,,1778948908
0516_Rev_356,456,I_kwDOR560RM8AAAABCd7YRA,PVTI_lAHOB1aXSc4BTuXVzgs68JI,OK,,1778948911
0516_Rev_357,457,I_kwDOR560RM8AAAABCd7Yyg,PVTI_lAHOB1aXSc4BTuXVzgs68Jw,OK,,1778948915
0516_Rev_358,458,I_kwDOR560RM8AAAABCd7ZbQ,PVTI_lAHOB1aXSc4BTuXVzgs68KU,OK,,1778948918
0516_Rev_359,459,I_kwDOR560RM8AAAABCd7aCA,PVTI_lAHOB1aXSc4BTuXVzgs68K8,OK,,1778948921
0516_Rev_360,460,I_kwDOR560RM8AAAABCd7bEQ,PVTI_lAHOB1aXSc4BTuXVzgs68LY,OK,,1778948925
0516_Rev_361,461,I_kwDOR560RM8AAAABCd7bmA,PVTI_lAHOB1aXSc4BTuXVzgs68MU,OK,,1778948928
0516_Rev_362,462,I_kwDOR560RM8AAAABCd7cMw,PVTI_lAHOB1aXSc4BTuXVzgs68M0,OK,,1778948932
0516_Rev_363,463,I_kwDOR560RM8AAAABCd7c9A,PVTI_lAHOB1aXSc4BTuXVzgs68Nw,OK,,1778948936
0516_Rev_364,464,I_kwDOR560RM8AAAABCd7eMA,PVTI_lAHOB1aXSc4BTuXVzgs68OM,OK,,1778948939
0516_Rev_365,465,I_kwDOR560RM8AAAABCd7e0w,PVTI_lAHOB1aXSc4BTuXVzgs68O0,OK,,1778948942
0516_Rev_366,466,I_kwDOR560RM8AAAABCd7fow,PVTI_lAHOB1aXSc4BTuXVzgs68Pg,OK,,1778948946
0516_Rev_367,467,I_kwDOR560RM8AAAABCd7gSQ,PVTI_lAHOB1aXSc4BTuXVzgs68P4,OK,,1778948950
0516_Rev_368,468,I_kwDOR560RM8AAAABCd7g3A,PVTI_lAHOB1aXSc4BTuXVzgs68Qc,OK,,1778948953
0516_Rev_369,469,I_kwDOR560RM8AAAABCd7h-g,PVTI_lAHOB1aXSc4BTuXVzgs68RA,OK,,1778948956
0516_Rev_370,470,I_kwDOR560RM8AAAABCd7ikQ,PVTI_lAHOB1aXSc4BTuXVzgs68Rs,OK,,1778948960
0516_Rev_371,471,I_kwDOR560RM8AAAABCd7jJQ,PVTI_lAHOB1aXSc4BTuXVzgs68SM,OK,,1778948963
0516_Rev_372,472,I_kwDOR560RM8AAAABCd7jlw,PVTI_lAHOB1aXSc4BTuXVzgs68Sw,OK,,1778948966
0516_Rev_373,473,I_kwDOR560RM8AAAABCd7kMA,PVTI_lAHOB1aXSc4BTuXVzgs68Tk,OK,,1778948969
0516_Rev_374,474,I_kwDOR560RM8AAAABCd7lPQ,PVTI_lAHOB1aXSc4BTuXVzgs68UM,OK,,1778948972
0516_Rev_375,475,I_kwDOR560RM8AAAABCd7lxQ,PVTI_lAHOB1aXSc4BTuXVzgs68U4,OK,,1778948976
0516_Rev_376,476,I_kwDOR560RM8AAAABCd7mRw,PVTI_lAHOB1aXSc4BTuXVzgs68VM,OK,,1778948979
0516_Rev_377,477,I_kwDOR560RM8AAAABCd7m5w,PVTI_lAHOB1aXSc4BTuXVzgs68V4,OK,,1778948983
0516_Rev_378,478,I_kwDOR560RM8AAAABCd7nhQ,PVTI_lAHOB1aXSc4BTuXVzgs68Wc,OK,,1778948986
0516_Rev_379,479,I_kwDOR560RM8AAAABCd7osQ,PVTI_lAHOB1aXSc4BTuXVzgs68XI,OK,,1778948989
0516_Rev_380,480,I_kwDOR560RM8AAAABCd7pQQ,PVTI_lAHOB1aXSc4BTuXVzgs68YE,OK,,1778948993
0516_Rev_381,481,I_kwDOR560RM8AAAABCd7pyA,PVTI_lAHOB1aXSc4BTuXVzgs68Zc,OK,,1778948996
0516_Rev_382,482,I_kwDOR560RM8AAAABCd7qYQ,PVTI_lAHOB1aXSc4BTuXVzgs68bM,OK,,1778948999
0516_Rev_383,483,I_kwDOR560RM8AAAABCd7rtA,PVTI_lAHOB1aXSc4BTuXVzgs68cw,OK,,1778949002
0516_Rev_384,484,I_kwDOR560RM8AAAABCd7sQQ,PVTI_lAHOB1aXSc4BTuXVzgs68eI,OK,,1778949006
0516_Rev_385,485,I_kwDOR560RM8AAAABCd7s8g,PVTI_lAHOB1aXSc4BTuXVzgs68fU,OK,,1778949009
0516_Rev_386,486,I_kwDOR560RM8AAAABCd7t2Q,PVTI_lAHOB1aXSc4BTuXVzgs68gs,OK,,1778949013
0516_Rev_387,487,I_kwDOR560RM8AAAABCd7udQ,PVTI_lAHOB1aXSc4BTuXVzgs68iQ,OK,,1778949016
0516_Rev_388,488,I_kwDOR560RM8AAAABCd7vNw,PVTI_lAHOB1aXSc4BTuXVzgs68jQ,OK,,1778949019
0516_Rev_389,489,I_kwDOR560RM8AAAABCd7v_Q,PVTI_lAHOB1aXSc4BTuXVzgs68kQ,OK,,1778949023
0516_Rev_390,490,I_kwDOR560RM8AAAABCd7whw,PVTI_lAHOB1aXSc4BTuXVzgs68lU,OK,,1778949026
0516_Rev_391,491,I_kwDOR560RM8AAAABCd7xhQ,PVTI_lAHOB1aXSc4BTuXVzgs68lw,OK,,1778949029
0516_Rev_392,492,I_kwDOR560RM8AAAABCd7yHg,PVTI_lAHOB1aXSc4BTuXVzgs68mc,OK,,1778949032
0516_Rev_393,493,I_kwDOR560RM8AAAABCd7yvg,PVTI_lAHOB1aXSc4BTuXVzgs68nI,OK,,1778949036
0516_Rev_394,494,I_kwDOR560RM8AAAABCd7zOg,PVTI_lAHOB1aXSc4BTuXVzgs68ns,OK,,1778949039
0516_Rev_395,495,I_kwDOR560RM8AAAABCd7zuw,PVTI_lAHOB1aXSc4BTuXVzgs68oc,OK,,1778949042
0516_Rev_396,496,I_kwDOR560RM8AAAABCd70PA,PVTI_lAHOB1aXSc4BTuXVzgs68pA,OK,,1778949045
0516_Rev_397,497,I_kwDOR560RM8AAAABCd702A,PVTI_lAHOB1aXSc4BTuXVzgs68qI,OK,,1778949049
0516_Rev_398,498,I_kwDOR560RM8AAAABCd71bw,PVTI_lAHOB1aXSc4BTuXVzgs68rI,OK,,1778949052
0516_Rev_399,499,I_kwDOR560RM8AAAABCd71-w,PVTI_lAHOB1aXSc4BTuXVzgs68sA,OK,,1778949055
0516_Rev_400,500,I_kwDOR560RM8AAAABCd72kg,PVTI_lAHOB1aXSc4BTuXVzgs68sc,OK,,1778949059
0516_Rev_401,501,I_kwDOR560RM8AAAABCd73Ow,PVTI_lAHOB1aXSc4BTuXVzgs68tM,OK,,1778949062
0516_Rev_402,502,I_kwDOR560RM8AAAABCd732A,PVTI_lAHOB1aXSc4BTuXVzgs68t0,OK,,1778949066
0516_Rev_403,503,I_kwDOR560RM8AAAABCd74dA,PVTI_lAHOB1aXSc4BTuXVzgs68uU,OK,,1778949069
0516_Rev_404,504,I_kwDOR560RM8AAAABCd75Ng,PVTI_lAHOB1aXSc4BTuXVzgs68vA,OK,,1778949072
0516_Rev_405,505,I_kwDOR560RM8AAAABCd76HQ,PVTI_lAHOB1aXSc4BTuXVzgs68vk,OK,,1778949076
0516_Rev_406,506,I_kwDOR560RM8AAAABCd76vg,PVTI_lAHOB1aXSc4BTuXVzgs68wc,OK,,1778949079
0516_Rev_407,507,I_kwDOR560RM8AAAABCd77SA,PVTI_lAHOB1aXSc4BTuXVzgs68xI,OK,,1778949082
0516_Rev_408,508,I_kwDOR560RM8AAAABCd78BA,PVTI_lAHOB1aXSc4BTuXVzgs68xs,OK,,1778949086
0516_Rev_409,509,I_kwDOR560RM8AAAABCd79GA,PVTI_lAHOB1aXSc4BTuXVzgs68yU,OK,,1778949089
0516_Rev_410,510,I_kwDOR560RM8AAAABCd791g,PVTI_lAHOB1aXSc4BTuXVzgs68y0,OK,,1778949093
0516_Rev_411,511,I_kwDOR560RM8AAAABCd7-bA,PVTI_lAHOB1aXSc4BTuXVzgs68zM,OK,,1778949096
0516_Rev_412,512,I_kwDOR560RM8AAAABCd7_Kg,PVTI_lAHOB1aXSc4BTuXVzgs680A,OK,,1778949100
0516_Rev_413,513,I_kwDOR560RM8AAAABCd7_8A,PVTI_lAHOB1aXSc4BTuXVzgs6808,OK,,1778949103
0516_Rev_414,514,I_kwDOR560RM8AAAABCd8AeQ,PVTI_lAHOB1aXSc4BTuXVzgs681o,OK,,1778949107
0516_Rev_415,515,I_kwDOR560RM8AAAABCd8Bqw,PVTI_lAHOB1aXSc4BTuXVzgs682U,OK,,1778949110
0516_Rev_416,516,I_kwDOR560RM8AAAABCd8C3w,PVTI_lAHOB1aXSc4BTuXVzgs6824,OK,,1778949114
0516_Rev_417,517,I_kwDOR560RM8AAAABCd8EGA,PVTI_lAHOB1aXSc4BTuXVzgs683E,OK,,1778949117
0516_Rev_418,518,I_kwDOR560RM8AAAABCd8FMA,PVTI_lAHOB1aXSc4BTuXVzgs6830,OK,,1778949122
0516_Rev_419,519,I_kwDOR560RM8AAAABCd8F6A,PVTI_lAHOB1aXSc4BTuXVzgs684Q,OK,,1778949125
0516_Rev_420,520,I_kwDOR560RM8AAAABCd8GcQ,PVTI_lAHOB1aXSc4BTuXVzgs684w,OK,,1778949129
0516_Rev_421,521,I_kwDOR560RM8AAAABCd8G_w,PVTI_lAHOB1aXSc4BTuXVzgs685U,OK,,1778949132
0516_Rev_422,522,I_kwDOR560RM8AAAABCd8H6g,PVTI_lAHOB1aXSc4BTuXVzgs6850,OK,,1778949135
0516_Rev_423,523,I_kwDOR560RM8AAAABCd8Ibw,PVTI_lAHOB1aXSc4BTuXVzgs686U,OK,,1778949139
0516_Rev_424,524,I_kwDOR560RM8AAAABCd8JPQ,PVTI_lAHOB1aXSc4BTuXVzgs6864,OK,,1778949142
0516_Rev_425,525,I_kwDOR560RM8AAAABCd8JyA,PVTI_lAHOB1aXSc4BTuXVzgs687M,OK,,1778949146
0516_Rev_426,526,I_kwDOR560RM8AAAABCd8KeQ,PVTI_lAHOB1aXSc4BTuXVzgs687w,OK,,1778949149
0516_Rev_427,527,I_kwDOR560RM8AAAABCd8LEA,PVTI_lAHOB1aXSc4BTuXVzgs688E,OK,,1778949153
0516_Rev_428,528,I_kwDOR560RM8AAAABCd8Lrw,PVTI_lAHOB1aXSc4BTuXVzgs688Y,OK,,1778949156
0516_Rev_429,529,I_kwDOR560RM8AAAABCd8MPg,PVTI_lAHOB1aXSc4BTuXVzgs6884,OK,,1778949159
0516_Rev_430,530,I_kwDOR560RM8AAAABCd8Mzg,PVTI_lAHOB1aXSc4BTuXVzgs689k,OK,,1778949163
0516_Rev_431,531,I_kwDOR560RM8AAAABCd8NZQ,PVTI_lAHOB1aXSc4BTuXVzgs68-A,OK,,1778949166
0516_Rev_432,532,I_kwDOR560RM8AAAABCd8ODw,PVTI_lAHOB1aXSc4BTuXVzgs68-0,OK,,1778949170
0516_Rev_433,533,I_kwDOR560RM8AAAABCd8OtQ,PVTI_lAHOB1aXSc4BTuXVzgs68_4,OK,,1778949173
0516_Rev_434,534,I_kwDOR560RM8AAAABCd8PWw,PVTI_lAHOB1aXSc4BTuXVzgs69Ao,OK,,1778949177
0516_Rev_435,535,I_kwDOR560RM8AAAABCd8QCQ,PVTI_lAHOB1aXSc4BTuXVzgs69BY,OK,,1778949181
0516_Rev_436,536,I_kwDOR560RM8AAAABCd8Qrw,PVTI_lAHOB1aXSc4BTuXVzgs69CM,OK,,1778949185
0516_Rev_437,537,I_kwDOR560RM8AAAABCd8RXA,PVTI_lAHOB1aXSc4BTuXVzgs69DA,OK,,1778949188
0516_Rev_438,538,I_kwDOR560RM8AAAABCd8SDQ,PVTI_lAHOB1aXSc4BTuXVzgs69Dw,OK,,1778949192
0516_Rev_439,539,I_kwDOR560RM8AAAABCd8TQg,PVTI_lAHOB1aXSc4BTuXVzgs69E4,OK,,1778949195
0516_Rev_440,540,I_kwDOR560RM8AAAABCd8T2w,PVTI_lAHOB1aXSc4BTuXVzgs69Fk,OK,,1778949198
0516_Rev_441,541,I_kwDOR560RM8AAAABCd8UcA,PVTI_lAHOB1aXSc4BTuXVzgs69Gg,OK,,1778949201
0516_Rev_442,542,I_kwDOR560RM8AAAABCd8VFg,PVTI_lAHOB1aXSc4BTuXVzgs69HM,OK,,1778949205
0516_Rev_443,543,I_kwDOR560RM8AAAABCd8VqA,PVTI_lAHOB1aXSc4BTuXVzgs69Hw,OK,,1778949208
0516_Rev_444,544,I_kwDOR560RM8AAAABCd8WUw,PVTI_lAHOB1aXSc4BTuXVzgs69IM,OK,,1778949211
0516_Rev_445,545,I_kwDOR560RM8AAAABCd8W3A,PVTI_lAHOB1aXSc4BTuXVzgs69Iw,OK,,1778949214
0516_Rev_446,546,I_kwDOR560RM8AAAABCd8XTg,PVTI_lAHOB1aXSc4BTuXVzgs69JY,OK,,1778949217
0516_Rev_447,547,I_kwDOR560RM8AAAABCd8X4g,PVTI_lAHOB1aXSc4BTuXVzgs69KE,OK,,1778949220
0516_Rev_448,548,I_kwDOR560RM8AAAABCd8Ybw,PVTI_lAHOB1aXSc4BTuXVzgs69K4,OK,,1778949224
0516_Rev_449,549,I_kwDOR560RM8AAAABCd8ZCw,PVTI_lAHOB1aXSc4BTuXVzgs69Lo,OK,,1778949227
0516_Rev_450,550,I_kwDOR560RM8AAAABCd8ZnA,PVTI_lAHOB1aXSc4BTuXVzgs69M0,OK,,1778949231
0516_Rev_451,551,I_kwDOR560RM8AAAABCd8ayg,PVTI_lAHOB1aXSc4BTuXVzgs69N8,OK,,1778949234
0516_Rev_452,552,I_kwDOR560RM8AAAABCd8bWA,PVTI_lAHOB1aXSc4BTuXVzgs69Og,OK,,1778949238
0516_Rev_453,553,I_kwDOR560RM8AAAABCd8cAA,PVTI_lAHOB1aXSc4BTuXVzgs69PM,OK,,1778949241
0516_Rev_454,554,I_kwDOR560RM8AAAABCd8ckg,PVTI_lAHOB1aXSc4BTuXVzgs69QQ,OK,,1778949245
0516_Rev_455,555,I_kwDOR560RM8AAAABCd8dKg,PVTI_lAHOB1aXSc4BTuXVzgs69Q8,OK,,1778949249
0516_Rev_456,556,I_kwDOR560RM8AAAABCd8dxA,PVTI_lAHOB1aXSc4BTuXVzgs69Rw,OK,,1778949252
0516_Rev_457,557,I_kwDOR560RM8AAAABCd8eag,PVTI_lAHOB1aXSc4BTuXVzgs69Sw,OK,,1778949256
0516_Rev_458,558,I_kwDOR560RM8AAAABCd8fCg,PVTI_lAHOB1aXSc4BTuXVzgs69Tw,OK,,1778949259
0516_Rev_459,559,I_kwDOR560RM8AAAABCd8fjg,PVTI_lAHOB1aXSc4BTuXVzgs69U0,OK,,1778949263
0516_Rev_460,560,I_kwDOR560RM8AAAABCd8gMg,PVTI_lAHOB1aXSc4BTuXVzgs69Vw,OK,,1778949266
0516_Rev_461,561,I_kwDOR560RM8AAAABCd8gwg,PVTI_lAHOB1aXSc4BTuXVzgs69Wc,OK,,1778949270
0516_Rev_462,562,I_kwDOR560RM8AAAABCd8hWg,PVTI_lAHOB1aXSc4BTuXVzgs69Xg,OK,,1778949273
0516_Rev_463,563,I_kwDOR560RM8AAAABCd8iGQ,PVTI_lAHOB1aXSc4BTuXVzgs69Yc,OK,,1778949277
0516_Rev_464,564,I_kwDOR560RM8AAAABCd8ing,PVTI_lAHOB1aXSc4BTuXVzgs69Zc,OK,,1778949280
0516_Rev_465,565,I_kwDOR560RM8AAAABCd8jFQ,PVTI_lAHOB1aXSc4BTuXVzgs69ao,OK,,1778949283
0516_Rev_466,566,I_kwDOR560RM8AAAABCd8jqg,PVTI_lAHOB1aXSc4BTuXVzgs69bs,OK,,1778949287
0516_Rev_467,567,I_kwDOR560RM8AAAABCd8kOA,PVTI_lAHOB1aXSc4BTuXVzgs69cg,OK,,1778949290
0516_Rev_468,568,I_kwDOR560RM8AAAABCd8kuA,PVTI_lAHOB1aXSc4BTuXVzgs69dA,OK,,1778949293
0516_Rev_469,569,I_kwDOR560RM8AAAABCd8lPA,PVTI_lAHOB1aXSc4BTuXVzgs69eY,OK,,1778949297
0516_Rev_470,570,I_kwDOR560RM8AAAABCd8l0Q,PVTI_lAHOB1aXSc4BTuXVzgs69fE,OK,,1778949300
0516_Rev_471,571,I_kwDOR560RM8AAAABCd8mXQ,PVTI_lAHOB1aXSc4BTuXVzgs69f0,OK,,1778949304
0516_Rev_472,572,I_kwDOR560RM8AAAABCd8m-A,PVTI_lAHOB1aXSc4BTuXVzgs69hE,OK,,1778949307
0516_Rev_473,573,I_kwDOR560RM8AAAABCd8n3A,PVTI_lAHOB1aXSc4BTuXVzgs69iM,OK,,1778949311
0516_Rev_474,574,I_kwDOR560RM8AAAABCd8opA,PVTI_lAHOB1aXSc4BTuXVzgs69jM,OK,,1778949314
0516_Rev_475,575,I_kwDOR560RM8AAAABCd8pMw,PVTI_lAHOB1aXSc4BTuXVzgs69j8,OK,,1778949318
0516_Rev_476,576,I_kwDOR560RM8AAAABCd8p0Q,PVTI_lAHOB1aXSc4BTuXVzgs69lY,OK,,1778949321
0516_Rev_477,577,I_kwDOR560RM8AAAABCd8qZA,PVTI_lAHOB1aXSc4BTuXVzgs69mU,OK,,1778949325
0516_Rev_478,578,I_kwDOR560RM8AAAABCd8rAg,PVTI_lAHOB1aXSc4BTuXVzgs69nE,OK,,1778949328
0516_Rev_479,579,I_kwDOR560RM8AAAABCd8rdg,PVTI_lAHOB1aXSc4BTuXVzgs69n0,OK,,1778949331
0516_Rev_480,580,I_kwDOR560RM8AAAABCd8r5w,PVTI_lAHOB1aXSc4BTuXVzgs69o0,OK,,1778949334
0516_Rev_481,581,I_kwDOR560RM8AAAABCd8sbA,PVTI_lAHOB1aXSc4BTuXVzgs69pY,OK,,1778949337
0516_Rev_482,582,I_kwDOR560RM8AAAABCd8tAA,PVTI_lAHOB1aXSc4BTuXVzgs69qc,OK,,1778949341
0516_Rev_483,583,I_kwDOR560RM8AAAABCd8tlQ,PVTI_lAHOB1aXSc4BTuXVzgs69rM,OK,,1778949344
0516_Rev_484,584,I_kwDOR560RM8AAAABCd8uHg,PVTI_lAHOB1aXSc4BTuXVzgs69sA,OK,,1778949347
0516_Rev_485,585,I_kwDOR560RM8AAAABCd8umg,PVTI_lAHOB1aXSc4BTuXVzgs69s8,OK,,1778949351
0516_Rev_486,586,I_kwDOR560RM8AAAABCd8vDQ,PVTI_lAHOB1aXSc4BTuXVzgs69tk,OK,,1778949355
0516_Rev_487,587,I_kwDOR560RM8AAAABCd8vwQ,PVTI_lAHOB1aXSc4BTuXVzgs69uM,OK,,1778949358
0516_Rev_488,588,I_kwDOR560RM8AAAABCd8wXA,PVTI_lAHOB1aXSc4BTuXVzgs69uw,OK,,1778949361
0516_Rev_489,589,I_kwDOR560RM8AAAABCd8w2A,PVTI_lAHOB1aXSc4BTuXVzgs69vk,OK,,1778949365
0516_Rev_490,590,I_kwDOR560RM8AAAABCd8xYw,PVTI_lAHOB1aXSc4BTuXVzgs69wY,OK,,1778949368
0516_Rev_491,591,I_kwDOR560RM8AAAABCd8x3Q,PVTI_lAHOB1aXSc4BTuXVzgs69xI,OK,,1778949372
0516_Rev_492,592,I_kwDOR560RM8AAAABCd8yWg,PVTI_lAHOB1aXSc4BTuXVzgs69yM,OK,,1778949375
0516_Rev_493,593,I_kwDOR560RM8AAAABCd8y7w,PVTI_lAHOB1aXSc4BTuXVzgs69y8,OK,,1778949379
0516_Rev_494,594,I_kwDOR560RM8AAAABCd8zwA,PVTI_lAHOB1aXSc4BTuXVzgs690A,OK,,1778949382
0516_Rev_495,595,I_kwDOR560RM8AAAABCd80Zg,PVTI_lAHOB1aXSc4BTuXVzgs691c,OK,,1778949385
0516_Rev_496,596,I_kwDOR560RM8AAAABCd804w,PVTI_lAHOB1aXSc4BTuXVzgs692g,OK,,1778949389
0516_Rev_497,597,I_kwDOR560RM8AAAABCd81dg,PVTI_lAHOB1aXSc4BTuXVzgs693U,OK,,1778949392
0516_Rev_498,598,I_kwDOR560RM8AAAABCd82Bg,PVTI_lAHOB1aXSc4BTuXVzgs694U,OK,,1778949395
0516_Rev_499,599,I_kwDOR560RM8AAAABCd82fg,PVTI_lAHOB1aXSc4BTuXVzgs695s,OK,,1778949398
0516_Rev_500,600,I_kwDOR560RM8AAAABCd83Bg,PVTI_lAHOB1aXSc4BTuXVzgs696w,OK,,1778949401
0516_Rev_501,601,I_kwDOR560RM8AAAABCd83hw,PVTI_lAHOB1aXSc4BTuXVzgs697k,OK,,1778949405
0516_Rev_502,602,I_kwDOR560RM8AAAABCd84Fg,PVTI_lAHOB1aXSc4BTuXVzgs698Y,OK,,1778949408
0516_Rev_503,603,I_kwDOR560RM8AAAABCd846w,PVTI_lAHOB1aXSc4BTuXVzgs699Q,OK,,1778949412
0516_Rev_504,604,I_kwDOR560RM8AAAABCd85fw,PVTI_lAHOB1aXSc4BTuXVzgs69-A,OK,,1778949415
0516_Rev_505,605,I_kwDOR560RM8AAAABCd85-g,PVTI_lAHOB1aXSc4BTuXVzgs69-8,OK,,1778949419
0516_Rev_506,606,I_kwDOR560RM8AAAABCd86jA,PVTI_lAHOB1aXSc4BTuXVzgs69_4,OK,,1778949422
0516_Rev_507,607,I_kwDOR560RM8AAAABCd87Eg,PVTI_lAHOB1aXSc4BTuXVzgs6-A4,OK,,1778949426
0516_Rev_508,,,,EXCEPTION,list index out of range,1778949428
0516_Rev_509,,,,EXCEPTION,list index out of range,1778949429
0516_Rev_510,,,,EXCEPTION,list index out of range,1778949431
0516_Rev_511,,,,EXCEPTION,list index out of range,1778949432
0516_Rev_512,,,,EXCEPTION,list index out of range,1778949434
0516_Rev_513,,,,EXCEPTION,list index out of range,1778949435
0516_Rev_514,,,,EXCEPTION,list index out of range,1778949437
0516_Rev_515,,,,EXCEPTION,list index out of range,1778949438
0516_Rev_516,,,,EXCEPTION,list index out of range,1778949440
0516_Rev_517,,,,EXCEPTION,list index out of range,1778949441
0516_Rev_518,,,,EXCEPTION,list index out of range,1778949443
0516_Rev_519,,,,EXCEPTION,list index out of range,1778949444
0516_Rev_520,,,,EXCEPTION,list index out of range,1778949446
0516_Rev_521,,,,EXCEPTION,list index out of range,1778949448
0516_Rev_522,,,,EXCEPTION,list index out of range,1778949449
0516_Rev_523,,,,EXCEPTION,list index out of range,1778949451
0516_Rev_524,,,,EXCEPTION,list index out of range,1778949453
0516_Rev_525,,,,EXCEPTION,list index out of range,1778949454
0516_Rev_526,,,,EXCEPTION,list index out of range,1778949456
0516_Rev_527,,,,EXCEPTION,list index out of range,1778949457
0516_Rev_528,,,,EXCEPTION,list index out of range,1778949459
0516_Rev_529,,,,EXCEPTION,list index out of range,1778949460
0516_Rev_530,,,,EXCEPTION,list index out of range,1778949462
0516_Rev_531,,,,EXCEPTION,list index out of range,1778949463
0516_Rev_532,,,,EXCEPTION,list index out of range,1778949465
0516_Rev_533,,,,EXCEPTION,list index out of range,1778949466
0516_Rev_534,,,,EXCEPTION,list index out of range,1778949468
0516_Rev_535,,,,EXCEPTION,list index out of range,1778949469
0516_Rev_536,,,,EXCEPTION,list index out of range,1778949471
0516_Rev_537,,,,EXCEPTION,list index out of range,1778949472
0516_Rev_538,,,,EXCEPTION,list index out of range,1778949474
0516_Rev_539,,,,EXCEPTION,list index out of range,1778949475
0516_Rev_540,,,,EXCEPTION,list index out of range,1778949477
0516_Rev_541,,,,EXCEPTION,list index out of range,1778949478
0516_Rev_542,,,,EXCEPTION,list index out of range,1778949480
0516_Rev_543,,,,EXCEPTION,list index out of range,1778949481
0516_Rev_544,,,,EXCEPTION,list index out of range,1778949483
0516_Rev_545,,,,EXCEPTION,list index out of range,1778949484
0516_Rev_546,,,,EXCEPTION,list index out of range,1778949486
0516_Rev_547,,,,EXCEPTION,list index out of range,1778949487
0516_Rev_548,,,,EXCEPTION,list index out of range,1778949489
0516_Rev_549,,,,EXCEPTION,list index out of range,1778949490
0516_Rev_550,,,,EXCEPTION,list index out of range,1778949492
0516_Rev_551,,,,EXCEPTION,list index out of range,1778949493
0516_Rev_552,,,,EXCEPTION,list index out of range,1778949495
0516_Rev_553,,,,EXCEPTION,list index out of range,1778949496
0516_Rev_554,,,,EXCEPTION,list index out of range,1778949498
0516_Rev_555,,,,EXCEPTION,list index out of range,1778949499
0516_Rev_556,,,,EXCEPTION,list index out of range,1778949501
0516_Rev_557,,,,EXCEPTION,list index out of range,1778949502
0516_Rev_558,,,,EXCEPTION,list index out of range,1778949504
0516_Rev_559,,,,EXCEPTION,list index out of range,1778949505
0516_Rev_560,,,,EXCEPTION,list index out of range,1778949507
0516_Rev_561,,,,EXCEPTION,list index out of range,1778949508
0516_Rev_562,,,,EXCEPTION,list index out of range,1778949510
0516_Rev_563,,,,EXCEPTION,list index out of range,1778949511
0516_Rev_564,,,,EXCEPTION,list index out of range,1778949513
0516_Rev_565,,,,EXCEPTION,list index out of range,1778949515
0516_Rev_566,,,,EXCEPTION,list index out of range,1778949516
0516_Rev_567,,,,EXCEPTION,list index out of range,1778949518
0516_Rev_568,,,,EXCEPTION,list index out of range,1778949519
0516_Rev_569,,,,EXCEPTION,list index out of range,1778949521
0516_Rev_570,,,,EXCEPTION,list index out of range,1778949522
0516_Rev_571,,,,EXCEPTION,list index out of range,1778949524
0516_Rev_572,,,,EXCEPTION,list index out of range,1778949525
0516_Rev_573,,,,EXCEPTION,list index out of range,1778949527
0516_Rev_574,,,,EXCEPTION,list index out of range,1778949528
0516_Rev_575,,,,EXCEPTION,list index out of range,1778949530
0516_Rev_576,,,,EXCEPTION,list index out of range,1778949531
0516_Rev_577,,,,EXCEPTION,list index out of range,1778949533
0516_Rev_578,,,,EXCEPTION,list index out of range,1778949534
0516_Rev_579,,,,EXCEPTION,list index out of range,1778949536
0516_Rev_580,,,,EXCEPTION,list index out of range,1778949537
0516_Rev_581,,,,EXCEPTION,list index out of range,1778949539
0516_Rev_582,,,,EXCEPTION,list index out of range,1778949540
0516_Rev_583,,,,EXCEPTION,list index out of range,1778949542
0516_Rev_584,,,,EXCEPTION,list index out of range,1778949543
0516_Rev_585,,,,EXCEPTION,list index out of range,1778949545
0516_Rev_586,,,,EXCEPTION,list index out of range,1778949546
0516_Rev_587,,,,EXCEPTION,list index out of range,1778949548
0516_Rev_588,,,,EXCEPTION,list index out of range,1778949549
0516_Rev_589,,,,EXCEPTION,list index out of range,1778949551
0516_Rev_590,,,,EXCEPTION,list index out of range,1778949552
0516_Rev_591,,,,EXCEPTION,list index out of range,1778949554
0516_Rev_592,,,,EXCEPTION,list index out of range,1778949555
0516_Rev_593,,,,EXCEPTION,list index out of range,1778949557
0516_Rev_594,,,,EXCEPTION,list index out of range,1778949559
0516_Rev_595,,,,EXCEPTION,list index out of range,1778949560
0516_Rev_596,,,,EXCEPTION,list index out of range,1778949562
0516_Rev_597,,,,EXCEPTION,list index out of range,1778949563
0516_Rev_598,,,,EXCEPTION,list index out of range,1778949565
0516_Rev_599,,,,EXCEPTION,list index out of range,1778949566
0516_Rev_600,,,,EXCEPTION,list index out of range,1778949568
0516_Rev_601,,,,EXCEPTION,list index out of range,1778949569
0516_Rev_602,,,,EXCEPTION,list index out of range,1778949571
0516_Rev_603,,,,EXCEPTION,list index out of range,1778949573
0516_Rev_604,,,,EXCEPTION,list index out of range,1778949574
0516_Rev_605,,,,EXCEPTION,list index out of range,1778949576
0516_Rev_606,,,,EXCEPTION,list index out of range,1778949577
0516_Rev_607,,,,EXCEPTION,list index out of range,1778949579
0516_Rev_608,,,,EXCEPTION,list index out of range,1778949580
0516_Rev_609,,,,EXCEPTION,list index out of range,1778949582
0516_Rev_610,,,,EXCEPTION,list index out of range,1778949584
0516_Rev_611,,,,EXCEPTION,list index out of range,1778949585
0516_Rev_612,,,,EXCEPTION,list index out of range,1778949586
0516_Rev_613,,,,EXCEPTION,list index out of range,1778949588
0516_Rev_614,,,,EXCEPTION,list index out of range,1778949589
0516_Rev_615,,,,EXCEPTION,list index out of range,1778949591
0516_Rev_616,,,,EXCEPTION,list index out of range,1778949592
0516_Rev_617,,,,EXCEPTION,list index out of range,1778949594
0516_Rev_618,,,,EXCEPTION,list index out of range,1778949595
0516_Rev_619,,,,EXCEPTION,list index out of range,1778949598
0516_Rev_620,,,,EXCEPTION,list index out of range,1778949599
0516_Rev_621,,,,EXCEPTION,list index out of range,1778949601
0516_Rev_622,,,,EXCEPTION,list index out of range,1778949603
0516_Rev_623,,,,EXCEPTION,list index out of range,1778949605
0516_Rev_624,,,,EXCEPTION,list index out of range,1778949606
0516_Rev_625,,,,EXCEPTION,list index out of range,1778949608
0516_Rev_626,,,,EXCEPTION,list index out of range,1778949609
0516_Rev_627,,,,EXCEPTION,list index out of range,1778949611
0516_Rev_628,,,,EXCEPTION,list index out of range,1778949612
0516_Rev_629,,,,EXCEPTION,list index out of range,1778949614
0516_Rev_630,,,,EXCEPTION,list index out of range,1778949615
0516_Rev_631,,,,EXCEPTION,list index out of range,1778949617
0516_Rev_632,,,,EXCEPTION,list index out of range,1778949618
0516_Rev_633,,,,EXCEPTION,list index out of range,1778949620
0516_Rev_634,,,,EXCEPTION,list index out of range,1778949621
0516_Rev_635,,,,EXCEPTION,list index out of range,1778949623
0516_Rev_636,,,,EXCEPTION,list index out of range,1778949624
0516_Rev_637,,,,EXCEPTION,list index out of range,1778949626
0516_Rev_638,,,,EXCEPTION,list index out of range,1778949628
0516_Rev_639,,,,EXCEPTION,list index out of range,1778949629
0516_Rev_640,,,,EXCEPTION,list index out of range,1778949630
0516_Rev_641,,,,EXCEPTION,list index out of range,1778949632
0516_Rev_642,,,,EXCEPTION,list index out of range,1778949633
0516_Rev_643,,,,EXCEPTION,list index out of range,1778949635
0516_Rev_644,,,,EXCEPTION,list index out of range,1778949636
0516_Rev_645,,,,EXCEPTION,list index out of range,1778949638
0516_Rev_700,,,,EXCEPTION,list index out of range,1778949639
0516_Rev_701,,,,EXCEPTION,list index out of range,1778949641
0516_Rev_702,,,,EXCEPTION,list index out of range,1778949643
0516_Rev_703,,,,EXCEPTION,list index out of range,1778949644
0516_Rev_704,,,,EXCEPTION,list index out of range,1778949646
0516_Rev_705,,,,EXCEPTION,list index out of range,1778949647
0516_Rev_706,,,,EXCEPTION,list index out of range,1778949649
0516_Rev_707,,,,EXCEPTION,list index out of range,1778949650
0516_Rev_708,,,,EXCEPTION,list index out of range,1778949652
0516_Rev_709,,,,EXCEPTION,list index out of range,1778949653
0516_Rev_710,,,,EXCEPTION,list index out of range,1778949655
0516_Rev_711,,,,EXCEPTION,list index out of range,1778949656
0516_Rev_712,,,,EXCEPTION,list index out of range,1778949658
0516_Rev_713,,,,EXCEPTION,list index out of range,1778949659
0516_Rev_714,,,,EXCEPTION,list index out of range,1778949661
0516_Rev_715,,,,EXCEPTION,list index out of range,1778949662
0516_Rev_716,,,,EXCEPTION,list index out of range,1778949664
0516_Rev_717,,,,EXCEPTION,list index out of range,1778949666
0516_Rev_718,,,,EXCEPTION,list index out of range,1778949667
0516_Rev_719,,,,EXCEPTION,list index out of range,1778949669
0516_Rev_720,,,,EXCEPTION,list index out of range,1778949670
0516_Rev_721,,,,EXCEPTION,list index out of range,1778949672
0516_Rev_722,,,,EXCEPTION,list index out of range,1778949673
0516_Rev_723,,,,EXCEPTION,list index out of range,1778949675
0516_Rev_724,,,,EXCEPTION,list index out of range,1778949676
0516_Rev_725,,,,EXCEPTION,list index out of range,1778949678
0516_Rev_726,,,,EXCEPTION,list index out of range,1778949679
0516_Rev_727,,,,EXCEPTION,list index out of range,1778949681
0516_Rev_728,,,,EXCEPTION,list index out of range,1778949683
0516_Rev_729,,,,EXCEPTION,list index out of range,1778949684
0516_Rev_730,,,,EXCEPTION,list index out of range,1778949686
0516_Rev_731,,,,EXCEPTION,list index out of range,1778949687
0516_Rev_732,,,,EXCEPTION,list index out of range,1778949689
0516_Rev_733,,,,EXCEPTION,list index out of range,1778949690
0516_Rev_734,,,,EXCEPTION,list index out of range,1778949692
0516_Rev_735,,,,EXCEPTION,list index out of range,1778949693
0516_Rev_736,,,,EXCEPTION,list index out of range,1778949695
0516_Rev_737,,,,EXCEPTION,list index out of range,1778949696
0516_Rev_738,,,,EXCEPTION,list index out of range,1778949698
0516_Rev_739,,,,EXCEPTION,list index out of range,1778949699
0516_Rev_740,,,,EXCEPTION,list index out of range,1778949701
0516_Rev_741,,,,EXCEPTION,list index out of range,1778949702
0516_Rev_742,,,,EXCEPTION,list index out of range,1778949704
0516_Rev_743,,,,EXCEPTION,list index out of range,1778949705
0516_Rev_744,,,,EXCEPTION,list index out of range,1778949707
0516_Rev_745,,,,EXCEPTION,list index out of range,1778949708
0516_Rev_746,,,,EXCEPTION,list index out of range,1778949710
0516_Rev_747,,,,EXCEPTION,list index out of range,1778949711
0516_Rev_748,,,,EXCEPTION,list index out of range,1778949713
0516_Rev_749,,,,EXCEPTION,list index out of range,1778949714
0516_Rev_750,,,,EXCEPTION,list index out of range,1778949716
0516_Rev_751,,,,EXCEPTION,list index out of range,1778949717
0516_Rev_752,,,,EXCEPTION,list index out of range,1778949719
0516_Rev_753,,,,EXCEPTION,list index out of range,1778949720
0516_Rev_754,,,,EXCEPTION,list index out of range,1778949722
0516_Rev_755,,,,EXCEPTION,list index out of range,1778949724
0516_Rev_756,,,,EXCEPTION,list index out of range,1778949725
0516_Rev_757,,,,EXCEPTION,list index out of range,1778949726
0516_Rev_758,,,,EXCEPTION,list index out of range,1778949728
0516_Rev_759,,,,EXCEPTION,list index out of range,1778949729
0516_Rev_760,,,,EXCEPTION,list index out of range,1778949731
0516_Rev_761,,,,EXCEPTION,list index out of range,1778949733
0516_Rev_762,,,,EXCEPTION,list index out of range,1778949734
0516_Rev_763,,,,EXCEPTION,list index out of range,1778949736
0516_Rev_764,,,,EXCEPTION,list index out of range,1778949737
0516_Rev_765,,,,EXCEPTION,list index out of range,1778949738
0516_Rev_766,,,,EXCEPTION,list index out of range,1778949740
0516_Rev_767,,,,EXCEPTION,list index out of range,1778949741
0516_Rev_768,,,,EXCEPTION,list index out of range,1778949743
0516_Rev_769,,,,EXCEPTION,list index out of range,1778949744
0516_Rev_770,,,,EXCEPTION,list index out of range,1778949746
0516_Rev_771,,,,EXCEPTION,list index out of range,1778949747
0516_Rev_772,,,,EXCEPTION,list index out of range,1778949749
0516_Rev_773,,,,EXCEPTION,list index out of range,1778949751
0516_Rev_774,,,,EXCEPTION,list index out of range,1778949752
0516_Rev_775,,,,EXCEPTION,list index out of range,1778949754
0516_Rev_776,,,,EXCEPTION,list index out of range,1778949755
0516_Rev_777,,,,EXCEPTION,list index out of range,1778949757
0516_Rev_778,,,,EXCEPTION,list index out of range,1778949758
0516_Rev_779,,,,EXCEPTION,list index out of range,1778949760
0516_Rev_780,,,,EXCEPTION,list index out of range,1778949761
0516_Rev_781,,,,EXCEPTION,list index out of range,1778949763
0516_Rev_782,,,,EXCEPTION,list index out of range,1778949764
0516_Rev_783,,,,EXCEPTION,list index out of range,1778949766
0516_Rev_784,,,,EXCEPTION,list index out of range,1778949767
0516_Rev_785,,,,EXCEPTION,list index out of range,1778949769
0516_Rev_786,,,,EXCEPTION,list index out of range,1778949770
0516_Rev_787,,,,EXCEPTION,list index out of range,1778949772
0516_Rev_788,,,,EXCEPTION,list index out of range,1778949773
0516_Rev_789,,,,EXCEPTION,list index out of range,1778949775
0516_Rev_790,,,,EXCEPTION,list index out of range,1778949776
0516_Rev_791,,,,EXCEPTION,list index out of range,1778949778
0516_Rev_792,,,,EXCEPTION,list index out of range,1778949780
0516_Rev_793,,,,EXCEPTION,list index out of range,1778949781
0516_Rev_508,,,,CREATE_FAIL,"empty output, rc=0",1778949911
0516_Rev_509,,,,CREATE_FAIL,"empty output, rc=0",1778949928
0516_Rev_510,,,,CREATE_FAIL,"empty output, rc=0",1778949944
0516_Rev_511,,,,CREATE_FAIL,"empty output, rc=0",1778949960
0516_Rev_512,,,,CREATE_FAIL,"empty output, rc=0",1778949977
0516_Rev_513,,,,CREATE_FAIL,"empty output, rc=0",1778949993
0516_Rev_514,,,,CREATE_FAIL,"empty output, rc=0",1778950009
0516_Rev_515,,,,CREATE_FAIL,"empty output, rc=0",1778950026
0516_Rev_516,,,,CREATE_FAIL,"empty output, rc=0",1778950042
0516_Rev_517,,,,CREATE_FAIL,"empty output, rc=0",1778950059
0516_Rev_518,,,,CREATE_FAIL,"empty output, rc=0",1778950075
0516_Rev_519,,,,CREATE_FAIL,"empty output, rc=0",1778950091
0516_Rev_520,,,,CREATE_FAIL,"empty output, rc=0",1778950108
0516_Rev_521,,,,CREATE_FAIL,"empty output, rc=0",1778950124
0516_Rev_522,,,,CREATE_FAIL,"empty output, rc=0",1778950141
0516_Rev_523,,,,CREATE_FAIL,"empty output, rc=0",1778950157
0516_Rev_524,,,,CREATE_FAIL,"empty output, rc=0",1778950173
0516_Rev_525,,,,CREATE_FAIL,"empty output, rc=0",1778950190
0516_Rev_526,,,,CREATE_FAIL,"empty output, rc=0",1778950206
0516_Rev_527,,,,CREATE_FAIL,"empty output, rc=0",1778950222
0516_Rev_528,,,,CREATE_FAIL,"empty output, rc=0",1778950239
0516_Rev_529,,,,CREATE_FAIL,"empty output, rc=0",1778950255
0516_Rev_530,,,,CREATE_FAIL,"empty output, rc=0",1778950271
0516_Rev_531,,,,CREATE_FAIL,"empty output, rc=0",1778950287
0516_Rev_532,,,,CREATE_FAIL,"empty output, rc=0",1778950304
0516_Rev_533,,,,CREATE_FAIL,"empty output, rc=0",1778950320
0516_Rev_534,,,,CREATE_FAIL,"empty output, rc=0",1778950336
0516_Rev_535,,,,CREATE_FAIL,"empty output, rc=0",1778950353
0516_Rev_536,,,,CREATE_FAIL,"empty output, rc=0",1778950369
0516_Rev_537,,,,CREATE_FAIL,"empty output, rc=0",1778950385
0516_Rev_538,,,,CREATE_FAIL,"empty output, rc=0",1778950401
0516_Rev_539,,,,CREATE_FAIL,"empty output, rc=0",1778950418
0516_Rev_540,,,,CREATE_FAIL,"empty output, rc=0",1778950434
0516_Rev_541,,,,CREATE_FAIL,"empty output, rc=0",1778950451
0516_Rev_542,,,,CREATE_FAIL,"empty output, rc=0",1778950467
0516_Rev_543,,,,CREATE_FAIL,"empty output, rc=0",1778950484
0516_Rev_544,,,,CREATE_FAIL,"empty output, rc=0",1778950500
0516_Rev_545,,,,CREATE_FAIL,"empty output, rc=0",1778950516
0516_Rev_546,,,,CREATE_FAIL,"empty output, rc=0",1778950533
0516_Rev_547,,,,CREATE_FAIL,"empty output, rc=0",1778950549
0516_Rev_548,,,,CREATE_FAIL,"empty output, rc=0",1778950565
0516_Rev_549,,,,CREATE_FAIL,"empty output, rc=0",1778950582
0516_Rev_550,,,,CREATE_FAIL,"empty output, rc=0",1778950598
0516_Rev_551,,,,CREATE_FAIL,"empty output, rc=0",1778950614
0516_Rev_552,,,,CREATE_FAIL,"empty output, rc=0",1778950631
0516_Rev_553,,,,CREATE_FAIL,"empty output, rc=0",1778950647
0516_Rev_554,,,,CREATE_FAIL,"empty output, rc=0",1778950664
0516_Rev_555,,,,CREATE_FAIL,"empty output, rc=0",1778950680
0516_Rev_556,,,,CREATE_FAIL,"empty output, rc=0",1778950697
0516_Rev_557,,,,CREATE_FAIL,"empty output, rc=0",1778950714
0516_Rev_558,,,,CREATE_FAIL,"empty output, rc=0",1778950730
0516_Rev_559,,,,CREATE_FAIL,"empty output, rc=0",1778950746
0516_Rev_560,,,,CREATE_FAIL,"empty output, rc=0",1778950762
0516_Rev_561,,,,CREATE_FAIL,"empty output, rc=0",1778950779
0516_Rev_562,,,,CREATE_FAIL,"empty output, rc=0",1778950795
0516_Rev_563,,,,CREATE_FAIL,"empty output, rc=0",1778950812
0516_Rev_564,,,,CREATE_FAIL,"empty output, rc=0",1778950828
0516_Rev_565,,,,CREATE_FAIL,"empty output, rc=0",1778950845
0516_Rev_566,,,,CREATE_FAIL,"empty output, rc=0",1778950861
0516_Rev_567,,,,CREATE_FAIL,"empty output, rc=0",1778950878
0516_Rev_568,,,,CREATE_FAIL,"empty output, rc=0",1778950894
0516_Rev_569,,,,CREATE_FAIL,"empty output, rc=0",1778950911
0516_Rev_570,,,,CREATE_FAIL,"empty output, rc=0",1778950927
0516_Rev_571,,,,CREATE_FAIL,"empty output, rc=0",1778950944
0516_Rev_572,,,,CREATE_FAIL,"empty output, rc=0",1778950960
0516_Rev_573,,,,CREATE_FAIL,"empty output, rc=0",1778950977
0516_Rev_574,,,,CREATE_FAIL,"empty output, rc=0",1778950994
0516_Rev_575,,,,CREATE_FAIL,"empty output, rc=0",1778951010
0516_Rev_576,,,,CREATE_FAIL,"empty output, rc=0",1778951027
0516_Rev_577,,,,CREATE_FAIL,"empty output, rc=0",1778951043
0516_Rev_578,,,,CREATE_FAIL,"empty output, rc=0",1778951059
0516_Rev_579,,,,CREATE_FAIL,"empty output, rc=0",1778951076
0516_Rev_580,,,,CREATE_FAIL,"empty output, rc=0",1778951092
0516_Rev_581,,,,CREATE_FAIL,"empty output, rc=0",1778951109
0516_Rev_582,,,,CREATE_FAIL,"empty output, rc=0",1778951126
0516_Rev_583,,,,CREATE_FAIL,"empty output, rc=0",1778951142
0516_Rev_584,,,,CREATE_FAIL,"empty output, rc=0",1778951158
0516_Rev_585,,,,CREATE_FAIL,"empty output, rc=0",1778951175
0516_Rev_586,,,,CREATE_FAIL,"empty output, rc=0",1778951191
0516_Rev_587,,,,CREATE_FAIL,"empty output, rc=0",1778951209
0516_Rev_588,,,,CREATE_FAIL,"empty output, rc=0",1778951226
0516_Rev_589,608,I_kwDOR560RM8AAAABCeCa1w,PVTI_lAHOB1aXSc4BTuXVzgs7DOM,OK,,1778951230
0516_Rev_590,609,I_kwDOR560RM8AAAABCeCbcw,PVTI_lAHOB1aXSc4BTuXVzgs7DOo,OK,,1778951234
0516_Rev_591,610,I_kwDOR560RM8AAAABCeCcAQ,PVTI_lAHOB1aXSc4BTuXVzgs7DPE,OK,,1778951237
0516_Rev_592,611,I_kwDOR560RM8AAAABCeCcpw,PVTI_lAHOB1aXSc4BTuXVzgs7DPw,OK,,1778951240
0516_Rev_593,612,I_kwDOR560RM8AAAABCeCdMA,PVTI_lAHOB1aXSc4BTuXVzgs7DQk,OK,,1778951244
0516_Rev_594,613,I_kwDOR560RM8AAAABCeCduQ,PVTI_lAHOB1aXSc4BTuXVzgs7DRM,OK,,1778951247
0516_Rev_595,614,I_kwDOR560RM8AAAABCeCeRw,PVTI_lAHOB1aXSc4BTuXVzgs7DR4,OK,,1778951251
0516_Rev_596,615,I_kwDOR560RM8AAAABCeCe5g,PVTI_lAHOB1aXSc4BTuXVzgs7DTA,OK,,1778951254
0516_Rev_597,616,I_kwDOR560RM8AAAABCeCfig,PVTI_lAHOB1aXSc4BTuXVzgs7DTo,OK,,1778951258
0516_Rev_598,617,I_kwDOR560RM8AAAABCeCgGg,PVTI_lAHOB1aXSc4BTuXVzgs7DUk,OK,,1778951262
0516_Rev_599,618,I_kwDOR560RM8AAAABCeCgsA,PVTI_lAHOB1aXSc4BTuXVzgs7DVU,OK,,1778951265
0516_Rev_600,619,I_kwDOR560RM8AAAABCeChVQ,PVTI_lAHOB1aXSc4BTuXVzgs7DWI,OK,,1778951269
0516_Rev_601,620,I_kwDOR560RM8AAAABCeCh6A,PVTI_lAHOB1aXSc4BTuXVzgs7DWc,OK,,1778951272
0516_Rev_602,621,I_kwDOR560RM8AAAABCeCigA,PVTI_lAHOB1aXSc4BTuXVzgs7DWs,OK,,1778951276
0516_Rev_603,622,I_kwDOR560RM8AAAABCeCjDA,PVTI_lAHOB1aXSc4BTuXVzgs7DXc,OK,,1778951279
0516_Rev_604,623,I_kwDOR560RM8AAAABCeCjkg,PVTI_lAHOB1aXSc4BTuXVzgs7DYw,OK,,1778951282
0516_Rev_605,624,I_kwDOR560RM8AAAABCeCkKQ,PVTI_lAHOB1aXSc4BTuXVzgs7DZg,OK,,1778951286
0516_Rev_606,625,I_kwDOR560RM8AAAABCeCksQ,PVTI_lAHOB1aXSc4BTuXVzgs7DZ4,OK,,1778951289
0516_Rev_607,626,I_kwDOR560RM8AAAABCeClQA,PVTI_lAHOB1aXSc4BTuXVzgs7Da0,OK,,1778951293
0516_Rev_608,627,I_kwDOR560RM8AAAABCeCl2w,PVTI_lAHOB1aXSc4BTuXVzgs7DbY,OK,,1778951296
0516_Rev_609,628,I_kwDOR560RM8AAAABCeCmgg,PVTI_lAHOB1aXSc4BTuXVzgs7Db8,OK,,1778951300
0516_Rev_610,629,I_kwDOR560RM8AAAABCeCnAQ,PVTI_lAHOB1aXSc4BTuXVzgs7Dcw,OK,,1778951303
0516_Rev_611,630,I_kwDOR560RM8AAAABCeCngg,PVTI_lAHOB1aXSc4BTuXVzgs7DdI,OK,,1778951306
0516_Rev_612,631,I_kwDOR560RM8AAAABCeCoBA,PVTI_lAHOB1aXSc4BTuXVzgs7Dds,OK,,1778951310
0516_Rev_613,632,I_kwDOR560RM8AAAABCeCoow,PVTI_lAHOB1aXSc4BTuXVzgs7DeY,OK,,1778951313
0516_Rev_614,633,I_kwDOR560RM8AAAABCeCpNw,PVTI_lAHOB1aXSc4BTuXVzgs7DfA,OK,,1778951317
0516_Rev_615,634,I_kwDOR560RM8AAAABCeCp1A,PVTI_lAHOB1aXSc4BTuXVzgs7Dfs,OK,,1778951320
0516_Rev_616,635,I_kwDOR560RM8AAAABCeCqWw,PVTI_lAHOB1aXSc4BTuXVzgs7Dgc,OK,,1778951324
0516_Rev_617,636,I_kwDOR560RM8AAAABCeCq2g,PVTI_lAHOB1aXSc4BTuXVzgs7DhE,OK,,1778951327
0516_Rev_618,637,I_kwDOR560RM8AAAABCeCrXg,PVTI_lAHOB1aXSc4BTuXVzgs7Dhk,OK,,1778951331
0516_Rev_619,638,I_kwDOR560RM8AAAABCeCr6w,PVTI_lAHOB1aXSc4BTuXVzgs7DiI,OK,,1778951334
0516_Rev_620,639,I_kwDOR560RM8AAAABCeCscA,PVTI_lAHOB1aXSc4BTuXVzgs7Dio,OK,,1778951338
0516_Rev_621,640,I_kwDOR560RM8AAAABCeCtDg,PVTI_lAHOB1aXSc4BTuXVzgs7Djc,OK,,1778951341
0516_Rev_622,641,I_kwDOR560RM8AAAABCeCttA,PVTI_lAHOB1aXSc4BTuXVzgs7DkQ,OK,,1778951344
0516_Rev_623,642,I_kwDOR560RM8AAAABCeCuXQ,PVTI_lAHOB1aXSc4BTuXVzgs7Dk4,OK,,1778951347
0516_Rev_624,643,I_kwDOR560RM8AAAABCeCvYQ,PVTI_lAHOB1aXSc4BTuXVzgs7Dlg,OK,,1778951351
0516_Rev_625,644,I_kwDOR560RM8AAAABCeCwHQ,PVTI_lAHOB1aXSc4BTuXVzgs7Dmg,OK,,1778951354
0516_Rev_626,645,I_kwDOR560RM8AAAABCeCwzw,PVTI_lAHOB1aXSc4BTuXVzgs7DnY,OK,,1778951358
0516_Rev_627,646,I_kwDOR560RM8AAAABCeCxoA,PVTI_lAHOB1aXSc4BTuXVzgs7DoI,OK,,1778951361
0516_Rev_628,647,I_kwDOR560RM8AAAABCeCyug,PVTI_lAHOB1aXSc4BTuXVzgs7Do8,OK,,1778951364
0516_Rev_629,648,I_kwDOR560RM8AAAABCeCz5w,PVTI_lAHOB1aXSc4BTuXVzgs7Dp8,OK,,1778951368
0516_Rev_630,649,I_kwDOR560RM8AAAABCeC0mA,PVTI_lAHOB1aXSc4BTuXVzgs7DqY,OK,,1778951371
0516_Rev_631,650,I_kwDOR560RM8AAAABCeC1Jg,PVTI_lAHOB1aXSc4BTuXVzgs7DrA,OK,,1778951375
0516_Rev_632,651,I_kwDOR560RM8AAAABCeC1oQ,PVTI_lAHOB1aXSc4BTuXVzgs7Dr4,OK,,1778951378
0516_Rev_633,652,I_kwDOR560RM8AAAABCeC2Rw,PVTI_lAHOB1aXSc4BTuXVzgs7Dso,OK,,1778951381
0516_Rev_634,653,I_kwDOR560RM8AAAABCeC2xg,PVTI_lAHOB1aXSc4BTuXVzgs7DtI,OK,,1778951385
0516_Rev_635,654,I_kwDOR560RM8AAAABCeC3Vg,PVTI_lAHOB1aXSc4BTuXVzgs7Duc,OK,,1778951389
0516_Rev_636,655,I_kwDOR560RM8AAAABCeC37Q,PVTI_lAHOB1aXSc4BTuXVzgs7DvI,OK,,1778951392
0516_Rev_637,656,I_kwDOR560RM8AAAABCeC4cQ,PVTI_lAHOB1aXSc4BTuXVzgs7DyY,OK,,1778951396
0516_Rev_638,657,I_kwDOR560RM8AAAABCeC5GQ,PVTI_lAHOB1aXSc4BTuXVzgs7Dy8,OK,,1778951400
0516_Rev_639,658,I_kwDOR560RM8AAAABCeC5sA,PVTI_lAHOB1aXSc4BTuXVzgs7Dz0,OK,,1778951403
0516_Rev_640,659,I_kwDOR560RM8AAAABCeC6ew,PVTI_lAHOB1aXSc4BTuXVzgs7D0Y,OK,,1778951407
0516_Rev_641,660,I_kwDOR560RM8AAAABCeC7Ew,PVTI_lAHOB1aXSc4BTuXVzgs7D1M,OK,,1778951410
0516_Rev_642,661,I_kwDOR560RM8AAAABCeC7sA,PVTI_lAHOB1aXSc4BTuXVzgs7D2A,OK,,1778951414
0516_Rev_643,662,I_kwDOR560RM8AAAABCeC8OQ,PVTI_lAHOB1aXSc4BTuXVzgs7D24,OK,,1778951417
0516_Rev_644,663,I_kwDOR560RM8AAAABCeC8xA,PVTI_lAHOB1aXSc4BTuXVzgs7D3s,OK,,1778951421
0516_Rev_645,664,I_kwDOR560RM8AAAABCeC9Yg,PVTI_lAHOB1aXSc4BTuXVzgs7D4k,OK,,1778951424
0516_Rev_700,665,I_kwDOR560RM8AAAABCeC-gQ,PVTI_lAHOB1aXSc4BTuXVzgs7D5M,OK,,1778951428
0516_Rev_701,666,I_kwDOR560RM8AAAABCeC_yg,PVTI_lAHOB1aXSc4BTuXVzgs7D54,OK,,1778951431
0516_Rev_702,667,I_kwDOR560RM8AAAABCeDAtQ,PVTI_lAHOB1aXSc4BTuXVzgs7D6k,OK,,1778951435
0516_Rev_703,668,I_kwDOR560RM8AAAABCeDBVg,PVTI_lAHOB1aXSc4BTuXVzgs7D7M,OK,,1778951438
0516_Rev_704,669,I_kwDOR560RM8AAAABCeDB7g,PVTI_lAHOB1aXSc4BTuXVzgs7D78,OK,,1778951441
0516_Rev_705,670,I_kwDOR560RM8AAAABCeDChA,PVTI_lAHOB1aXSc4BTuXVzgs7D8s,OK,,1778951444
0516_Rev_706,671,I_kwDOR560RM8AAAABCeDDEw,PVTI_lAHOB1aXSc4BTuXVzgs7D9c,OK,,1778951448
0516_Rev_707,672,I_kwDOR560RM8AAAABCeDDpQ,PVTI_lAHOB1aXSc4BTuXVzgs7D-E,OK,,1778951451
0516_Rev_708,673,I_kwDOR560RM8AAAABCeDEOA,PVTI_lAHOB1aXSc4BTuXVzgs7D-0,OK,,1778951455
0516_Rev_709,674,I_kwDOR560RM8AAAABCeDEzw,PVTI_lAHOB1aXSc4BTuXVzgs7D_g,OK,,1778951458
0516_Rev_710,675,I_kwDOR560RM8AAAABCeDFYw,PVTI_lAHOB1aXSc4BTuXVzgs7EAc,OK,,1778951461
0516_Rev_711,676,I_kwDOR560RM8AAAABCeDF0g,PVTI_lAHOB1aXSc4BTuXVzgs7EBY,OK,,1778951464
0516_Rev_712,677,I_kwDOR560RM8AAAABCeDGVw,PVTI_lAHOB1aXSc4BTuXVzgs7ECQ,OK,,1778951468
0516_Rev_713,678,I_kwDOR560RM8AAAABCeDG4g,PVTI_lAHOB1aXSc4BTuXVzgs7EC8,OK,,1778951471
0516_Rev_714,679,I_kwDOR560RM8AAAABCeDHhg,PVTI_lAHOB1aXSc4BTuXVzgs7EEE,OK,,1778951475
0516_Rev_715,680,I_kwDOR560RM8AAAABCeDIBg,PVTI_lAHOB1aXSc4BTuXVzgs7EE8,OK,,1778951478
0516_Rev_716,681,I_kwDOR560RM8AAAABCeDIiw,PVTI_lAHOB1aXSc4BTuXVzgs7EFY,OK,,1778951481
0516_Rev_717,682,I_kwDOR560RM8AAAABCeDJHA,PVTI_lAHOB1aXSc4BTuXVzgs7EF0,OK,,1778951485
0516_Rev_718,683,I_kwDOR560RM8AAAABCeDJrA,PVTI_lAHOB1aXSc4BTuXVzgs7EGk,OK,,1778951488
0516_Rev_719,684,I_kwDOR560RM8AAAABCeDKJg,PVTI_lAHOB1aXSc4BTuXVzgs7EHc,OK,,1778951491
0516_Rev_720,685,I_kwDOR560RM8AAAABCeDKrw,PVTI_lAHOB1aXSc4BTuXVzgs7EH0,OK,,1778951494
0516_Rev_721,686,I_kwDOR560RM8AAAABCeDLSg,PVTI_lAHOB1aXSc4BTuXVzgs7EIU,OK,,1778951498
0516_Rev_722,687,I_kwDOR560RM8AAAABCeDL7Q,PVTI_lAHOB1aXSc4BTuXVzgs7EIw,OK,,1778951501
0516_Rev_723,688,I_kwDOR560RM8AAAABCeDMbw,PVTI_lAHOB1aXSc4BTuXVzgs7EJc,OK,,1778951504
0516_Rev_724,689,I_kwDOR560RM8AAAABCeDM-w,PVTI_lAHOB1aXSc4BTuXVzgs7EKE,OK,,1778951508
0516_Rev_725,690,I_kwDOR560RM8AAAABCeDOAg,PVTI_lAHOB1aXSc4BTuXVzgs7EKU,OK,,1778951511
0516_Rev_726,691,I_kwDOR560RM8AAAABCeDOiA,PVTI_lAHOB1aXSc4BTuXVzgs7EKw,OK,,1778951515
0516_Rev_727,692,I_kwDOR560RM8AAAABCeDPJA,PVTI_lAHOB1aXSc4BTuXVzgs7ELo,OK,,1778951518
0516_Rev_728,693,I_kwDOR560RM8AAAABCeDQBA,PVTI_lAHOB1aXSc4BTuXVzgs7EMA,OK,,1778951522
0516_Rev_729,694,I_kwDOR560RM8AAAABCeDQnA,PVTI_lAHOB1aXSc4BTuXVzgs7EMs,OK,,1778951525
0516_Rev_730,695,I_kwDOR560RM8AAAABCeDRMw,PVTI_lAHOB1aXSc4BTuXVzgs7ENQ,OK,,1778951528
0516_Rev_731,696,I_kwDOR560RM8AAAABCeDR6Q,PVTI_lAHOB1aXSc4BTuXVzgs7ENs,OK,,1778951532
0516_Rev_732,697,I_kwDOR560RM8AAAABCeDSfQ,PVTI_lAHOB1aXSc4BTuXVzgs7EOM,OK,,1778951535
0516_Rev_733,698,I_kwDOR560RM8AAAABCeDTFw,PVTI_lAHOB1aXSc4BTuXVzgs7EPA,OK,,1778951539
0516_Rev_734,699,I_kwDOR560RM8AAAABCeDTvA,PVTI_lAHOB1aXSc4BTuXVzgs7EPY,OK,,1778951542
0516_Rev_735,700,I_kwDOR560RM8AAAABCeDUVA,PVTI_lAHOB1aXSc4BTuXVzgs7EQQ,OK,,1778951546
0516_Rev_736,701,I_kwDOR560RM8AAAABCeDU4w,PVTI_lAHOB1aXSc4BTuXVzgs7EQ0,OK,,1778951549
0516_Rev_737,702,I_kwDOR560RM8AAAABCeDVfg,PVTI_lAHOB1aXSc4BTuXVzgs7ERo,OK,,1778951552
0516_Rev_738,703,I_kwDOR560RM8AAAABCeDV-g,PVTI_lAHOB1aXSc4BTuXVzgs7ESc,OK,,1778951556
0516_Rev_739,704,I_kwDOR560RM8AAAABCeDWnw,PVTI_lAHOB1aXSc4BTuXVzgs7ETk,OK,,1778951560
0516_Rev_740,705,I_kwDOR560RM8AAAABCeDXOA,PVTI_lAHOB1aXSc4BTuXVzgs7EUU,OK,,1778951563
0516_Rev_741,706,I_kwDOR560RM8AAAABCeDX5g,PVTI_lAHOB1aXSc4BTuXVzgs7EU4,OK,,1778951567
0516_Rev_742,707,I_kwDOR560RM8AAAABCeDYgQ,PVTI_lAHOB1aXSc4BTuXVzgs7EVs,OK,,1778951570
0516_Rev_743,708,I_kwDOR560RM8AAAABCeDY9Q,PVTI_lAHOB1aXSc4BTuXVzgs7EWQ,OK,,1778951573
0516_Rev_744,709,I_kwDOR560RM8AAAABCeDZkA,PVTI_lAHOB1aXSc4BTuXVzgs7EWw,OK,,1778951577
0516_Rev_745,710,I_kwDOR560RM8AAAABCeDaMQ,PVTI_lAHOB1aXSc4BTuXVzgs7EXU,OK,,1778951580
0516_Rev_746,711,I_kwDOR560RM8AAAABCeDayg,PVTI_lAHOB1aXSc4BTuXVzgs7EX8,OK,,1778951584
0516_Rev_747,712,I_kwDOR560RM8AAAABCeDbZg,PVTI_lAHOB1aXSc4BTuXVzgs7EYs,OK,,1778951587
0516_Rev_748,713,I_kwDOR560RM8AAAABCeDb-w,PVTI_lAHOB1aXSc4BTuXVzgs7EZc,OK,,1778951590
0516_Rev_749,714,I_kwDOR560RM8AAAABCeDcrA,PVTI_lAHOB1aXSc4BTuXVzgs7EaY,OK,,1778951595
0516_Rev_750,715,I_kwDOR560RM8AAAABCeDdQA,PVTI_lAHOB1aXSc4BTuXVzgs7Edc,OK,,1778951598
0516_Rev_751,716,I_kwDOR560RM8AAAABCeDdzQ,PVTI_lAHOB1aXSc4BTuXVzgs7Egw,OK,,1778951602
0516_Rev_752,717,I_kwDOR560RM8AAAABCeDeaA,PVTI_lAHOB1aXSc4BTuXVzgs7EjM,OK,,1778951605
0516_Rev_753,718,I_kwDOR560RM8AAAABCeDe-g,PVTI_lAHOB1aXSc4BTuXVzgs7EkE,OK,,1778951608
0516_Rev_754,719,I_kwDOR560RM8AAAABCeDfpQ,PVTI_lAHOB1aXSc4BTuXVzgs7Ek0,OK,,1778951612
0516_Rev_755,720,I_kwDOR560RM8AAAABCeDgUA,PVTI_lAHOB1aXSc4BTuXVzgs7ElY,OK,,1778951615
0516_Rev_756,721,I_kwDOR560RM8AAAABCeDgxQ,PVTI_lAHOB1aXSc4BTuXVzgs7El4,OK,,1778951618
0516_Rev_757,722,I_kwDOR560RM8AAAABCeDhew,PVTI_lAHOB1aXSc4BTuXVzgs7Emc,OK,,1778951622
0516_Rev_758,723,I_kwDOR560RM8AAAABCeDh_Q,PVTI_lAHOB1aXSc4BTuXVzgs7EnU,OK,,1778951625
0516_Rev_759,724,I_kwDOR560RM8AAAABCeDigw,PVTI_lAHOB1aXSc4BTuXVzgs7Enk,OK,,1778951628
0516_Rev_760,725,I_kwDOR560RM8AAAABCeDjBA,PVTI_lAHOB1aXSc4BTuXVzgs7EoU,OK,,1778951631
0516_Rev_761,726,I_kwDOR560RM8AAAABCeDjhw,PVTI_lAHOB1aXSc4BTuXVzgs7Eo4,OK,,1778951635
0516_Rev_762,727,I_kwDOR560RM8AAAABCeDkFA,PVTI_lAHOB1aXSc4BTuXVzgs7EpU,OK,,1778951639
0516_Rev_763,728,I_kwDOR560RM8AAAABCeDkng,PVTI_lAHOB1aXSc4BTuXVzgs7Ep0,OK,,1778951642
0516_Rev_764,729,I_kwDOR560RM8AAAABCeDlMw,PVTI_lAHOB1aXSc4BTuXVzgs7Eqs,OK,,1778951645
0516_Rev_765,730,I_kwDOR560RM8AAAABCeDlxw,PVTI_lAHOB1aXSc4BTuXVzgs7ErM,OK,,1778951648
0516_Rev_766,731,I_kwDOR560RM8AAAABCeDmbw,PVTI_lAHOB1aXSc4BTuXVzgs7ErY,OK,,1778951652
0516_Rev_767,732,I_kwDOR560RM8AAAABCeDnAQ,PVTI_lAHOB1aXSc4BTuXVzgs7Erw,OK,,1778951655
0516_Rev_768,733,I_kwDOR560RM8AAAABCeDnlw,PVTI_lAHOB1aXSc4BTuXVzgs7Esg,OK,,1778951658
0516_Rev_769,734,I_kwDOR560RM8AAAABCeDoFw,PVTI_lAHOB1aXSc4BTuXVzgs7EtE,OK,,1778951662
0516_Rev_770,735,I_kwDOR560RM8AAAABCeDonA,PVTI_lAHOB1aXSc4BTuXVzgs7EtY,OK,,1778951665
0516_Rev_771,736,I_kwDOR560RM8AAAABCeDpJA,PVTI_lAHOB1aXSc4BTuXVzgs7EuE,OK,,1778951668
0516_Rev_772,737,I_kwDOR560RM8AAAABCeDpxQ,PVTI_lAHOB1aXSc4BTuXVzgs7Euo,OK,,1778951672
0516_Rev_773,738,I_kwDOR560RM8AAAABCeDqYg,PVTI_lAHOB1aXSc4BTuXVzgs7EvA,OK,,1778951675
0516_Rev_774,739,I_kwDOR560RM8AAAABCeDq_Q,PVTI_lAHOB1aXSc4BTuXVzgs7Evg,OK,,1778951679
0516_Rev_775,740,I_kwDOR560RM8AAAABCeDrig,PVTI_lAHOB1aXSc4BTuXVzgs7EwE,OK,,1778951682
0516_Rev_776,741,I_kwDOR560RM8AAAABCeDsGg,PVTI_lAHOB1aXSc4BTuXVzgs7Ewo,OK,,1778951685
0516_Rev_777,742,I_kwDOR560RM8AAAABCeDslg,PVTI_lAHOB1aXSc4BTuXVzgs7ExY,OK,,1778951689
0516_Rev_778,743,I_kwDOR560RM8AAAABCeDtGg,PVTI_lAHOB1aXSc4BTuXVzgs7Ex8,OK,,1778951692
0516_Rev_779,744,I_kwDOR560RM8AAAABCeDtkg,PVTI_lAHOB1aXSc4BTuXVzgs7Eyc,OK,,1778951695
0516_Rev_780,745,I_kwDOR560RM8AAAABCeDuIA,PVTI_lAHOB1aXSc4BTuXVzgs7Ey4,OK,,1778951698
0516_Rev_781,746,I_kwDOR560RM8AAAABCeDutg,PVTI_lAHOB1aXSc4BTuXVzgs7Ezc,OK,,1778951702
0516_Rev_782,747,I_kwDOR560RM8AAAABCeDvQw,PVTI_lAHOB1aXSc4BTuXVzgs7Ez8,OK,,1778951705
0516_Rev_783,748,I_kwDOR560RM8AAAABCeDv1A,PVTI_lAHOB1aXSc4BTuXVzgs7E0Y,OK,,1778951708
0516_Rev_784,749,I_kwDOR560RM8AAAABCeDwxg,PVTI_lAHOB1aXSc4BTuXVzgs7E0w,OK,,1778951712
0516_Rev_785,750,I_kwDOR560RM8AAAABCeDxUw,PVTI_lAHOB1aXSc4BTuXVzgs7E1Y,OK,,1778951715
0516_Rev_786,751,I_kwDOR560RM8AAAABCeDx5Q,PVTI_lAHOB1aXSc4BTuXVzgs7E14,OK,,1778951718
0516_Rev_787,752,I_kwDOR560RM8AAAABCeDyeQ,PVTI_lAHOB1aXSc4BTuXVzgs7E2c,OK,,1778951722
0516_Rev_788,753,I_kwDOR560RM8AAAABCeDzFg,PVTI_lAHOB1aXSc4BTuXVzgs7E24,OK,,1778951725
0516_Rev_789,754,I_kwDOR560RM8AAAABCeDzyg,PVTI_lAHOB1aXSc4BTuXVzgs7E3s,OK,,1778951729
0516_Rev_790,755,I_kwDOR560RM8AAAABCeD0aQ,PVTI_lAHOB1aXSc4BTuXVzgs7E4M,OK,,1778951732
0516_Rev_791,756,I_kwDOR560RM8AAAABCeD1AA,PVTI_lAHOB1aXSc4BTuXVzgs7E48,OK,,1778951735
0516_Rev_792,757,I_kwDOR560RM8AAAABCeD1hg,PVTI_lAHOB1aXSc4BTuXVzgs7E5c,OK,,1778951739
0516_Rev_793,758,I_kwDOR560RM8AAAABCeD2Mw,PVTI_lAHOB1aXSc4BTuXVzgs7E6Y,OK,,1778951742
0516_Rev_508,759,I_kwDOR560RM8AAAABCeD-ew,PVTI_lAHOB1aXSc4BTuXVzgs7FLg,OK,,1778951825
0516_Rev_509,760,I_kwDOR560RM8AAAABCeEGdw,PVTI_lAHOB1aXSc4BTuXVzgs7FMs,OK,,1778951835
0516_Rev_510,761,I_kwDOR560RM8AAAABCeEHDw,PVTI_lAHOB1aXSc4BTuXVzgs7FNQ,OK,,1778951838
0516_Rev_511,762,I_kwDOR560RM8AAAABCeEHoA,PVTI_lAHOB1aXSc4BTuXVzgs7FN4,OK,,1778951841
0516_Rev_512,763,I_kwDOR560RM8AAAABCeEIIA,PVTI_lAHOB1aXSc4BTuXVzgs7FOQ,OK,,1778951845
0516_Rev_513,764,I_kwDOR560RM8AAAABCeEIoQ,PVTI_lAHOB1aXSc4BTuXVzgs7FOw,OK,,1778951849
0516_Rev_514,765,I_kwDOR560RM8AAAABCeEJVw,PVTI_lAHOB1aXSc4BTuXVzgs7FPk,OK,,1778951852
0516_Rev_515,766,I_kwDOR560RM8AAAABCeEJ3Q,PVTI_lAHOB1aXSc4BTuXVzgs7FQ4,OK,,1778951855
0516_Rev_516,767,I_kwDOR560RM8AAAABCeEKYA,PVTI_lAHOB1aXSc4BTuXVzgs7FRw,OK,,1778951858
0516_Rev_517,768,I_kwDOR560RM8AAAABCeEK-g,PVTI_lAHOB1aXSc4BTuXVzgs7FSY,OK,,1778951861
0516_Rev_518,769,I_kwDOR560RM8AAAABCeELbw,PVTI_lAHOB1aXSc4BTuXVzgs7FS0,OK,,1778951865
0516_Rev_519,770,I_kwDOR560RM8AAAABCeEL-w,PVTI_lAHOB1aXSc4BTuXVzgs7FTU,OK,,1778951868
0516_Rev_520,771,I_kwDOR560RM8AAAABCeEMhg,PVTI_lAHOB1aXSc4BTuXVzgs7FUA,OK,,1778951871
0516_Rev_521,772,I_kwDOR560RM8AAAABCeEM9g,PVTI_lAHOB1aXSc4BTuXVzgs7FUc,OK,,1778951874
0516_Rev_522,773,I_kwDOR560RM8AAAABCeENbA,PVTI_lAHOB1aXSc4BTuXVzgs7FU4,OK,,1778951878
0516_Rev_523,774,I_kwDOR560RM8AAAABCeEN8A,PVTI_lAHOB1aXSc4BTuXVzgs7FVQ,OK,,1778951881
0516_Rev_524,775,I_kwDOR560RM8AAAABCeEOdg,PVTI_lAHOB1aXSc4BTuXVzgs7FVk,OK,,1778951884
0516_Rev_525,776,I_kwDOR560RM8AAAABCeEO-A,PVTI_lAHOB1aXSc4BTuXVzgs7FWY,OK,,1778951887
0516_Rev_526,777,I_kwDOR560RM8AAAABCeEPgA,PVTI_lAHOB1aXSc4BTuXVzgs7FXI,OK,,1778951890
0516_Rev_527,778,I_kwDOR560RM8AAAABCeEQAw,PVTI_lAHOB1aXSc4BTuXVzgs7FXo,OK,,1778951893
0516_Rev_528,779,I_kwDOR560RM8AAAABCeEQeg,PVTI_lAHOB1aXSc4BTuXVzgs7FYk,OK,,1778951896
0516_Rev_529,780,I_kwDOR560RM8AAAABCeEQ-A,PVTI_lAHOB1aXSc4BTuXVzgs7FZg,OK,,1778951900
0516_Rev_530,781,I_kwDOR560RM8AAAABCeERiA,PVTI_lAHOB1aXSc4BTuXVzgs7FaI,OK,,1778951903
0516_Rev_531,782,I_kwDOR560RM8AAAABCeESDw,PVTI_lAHOB1aXSc4BTuXVzgs7FbA,OK,,1778951906
0516_Rev_532,783,I_kwDOR560RM8AAAABCeESoQ,PVTI_lAHOB1aXSc4BTuXVzgs7Fbs,OK,,1778951909
0516_Rev_533,784,I_kwDOR560RM8AAAABCeETPg,PVTI_lAHOB1aXSc4BTuXVzgs7Fcg,OK,,1778951913
0516_Rev_534,785,I_kwDOR560RM8AAAABCeETww,PVTI_lAHOB1aXSc4BTuXVzgs7Fc4,OK,,1778951916
0516_Rev_535,786,I_kwDOR560RM8AAAABCeEUMw,PVTI_lAHOB1aXSc4BTuXVzgs7Fdg,OK,,1778951919
0516_Rev_536,787,I_kwDOR560RM8AAAABCeEUsQ,PVTI_lAHOB1aXSc4BTuXVzgs7FeQ,OK,,1778951922
0516_Rev_537,788,I_kwDOR560RM8AAAABCeEVQw,PVTI_lAHOB1aXSc4BTuXVzgs7Few,OK,,1778951925
0516_Rev_538,789,I_kwDOR560RM8AAAABCeEVwA,PVTI_lAHOB1aXSc4BTuXVzgs7FfE,OK,,1778951928
0516_Rev_539,790,I_kwDOR560RM8AAAABCeEWLg,PVTI_lAHOB1aXSc4BTuXVzgs7Ffw,OK,,1778951931
0516_Rev_540,791,I_kwDOR560RM8AAAABCeEWmw,PVTI_lAHOB1aXSc4BTuXVzgs7Ff4,OK,,1778951934
0516_Rev_541,792,I_kwDOR560RM8AAAABCeEXGA,PVTI_lAHOB1aXSc4BTuXVzgs7FgQ,OK,,1778951937
0516_Rev_542,793,I_kwDOR560RM8AAAABCeEXnQ,PVTI_lAHOB1aXSc4BTuXVzgs7FhM,OK,,1778951941
0516_Rev_543,794,I_kwDOR560RM8AAAABCeEYNA,PVTI_lAHOB1aXSc4BTuXVzgs7Fhk,OK,,1778951944
0516_Rev_544,795,I_kwDOR560RM8AAAABCeEYxg,PVTI_lAHOB1aXSc4BTuXVzgs7FiQ,OK,,1778951947
0516_Rev_545,796,I_kwDOR560RM8AAAABCeEZWw,PVTI_lAHOB1aXSc4BTuXVzgs7Fio,OK,,1778951950
0516_Rev_546,797,I_kwDOR560RM8AAAABCeEZ_w,PVTI_lAHOB1aXSc4BTuXVzgs7FjM,OK,,1778951953
0516_Rev_547,798,I_kwDOR560RM8AAAABCeEapg,PVTI_lAHOB1aXSc4BTuXVzgs7Fjk,OK,,1778951957
0516_Rev_548,799,I_kwDOR560RM8AAAABCeEbOg,PVTI_lAHOB1aXSc4BTuXVzgs7FkE,OK,,1778951960
0516_Rev_549,800,I_kwDOR560RM8AAAABCeEbyg,PVTI_lAHOB1aXSc4BTuXVzgs7Fkw,OK,,1778951963
0516_Rev_550,801,I_kwDOR560RM8AAAABCeEcgA,PVTI_lAHOB1aXSc4BTuXVzgs7FlQ,OK,,1778951966
0516_Rev_551,802,I_kwDOR560RM8AAAABCeEc-g,PVTI_lAHOB1aXSc4BTuXVzgs7Fls,OK,,1778951969
0516_Rev_552,803,I_kwDOR560RM8AAAABCeEdfA,PVTI_lAHOB1aXSc4BTuXVzgs7FmY,OK,,1778951972
0516_Rev_553,804,I_kwDOR560RM8AAAABCeEeKA,PVTI_lAHOB1aXSc4BTuXVzgs7Fm4,OK,,1778951975
0516_Rev_554,805,I_kwDOR560RM8AAAABCeEesA,PVTI_lAHOB1aXSc4BTuXVzgs7Fns,OK,,1778951979
0516_Rev_555,806,I_kwDOR560RM8AAAABCeEfJQ,PVTI_lAHOB1aXSc4BTuXVzgs7FoM,OK,,1778951982
0516_Rev_556,807,I_kwDOR560RM8AAAABCeEfwg,PVTI_lAHOB1aXSc4BTuXVzgs7FpI,OK,,1778951986
0516_Rev_557,808,I_kwDOR560RM8AAAABCeEg5w,PVTI_lAHOB1aXSc4BTuXVzgs7Fpo,OK,,1778951989
0516_Rev_558,809,I_kwDOR560RM8AAAABCeEhag,PVTI_lAHOB1aXSc4BTuXVzgs7FqI,OK,,1778951992
0516_Rev_559,810,I_kwDOR560RM8AAAABCeEh4g,PVTI_lAHOB1aXSc4BTuXVzgs7Fqw,OK,,1778951996
0516_Rev_560,811,I_kwDOR560RM8AAAABCeEibw,PVTI_lAHOB1aXSc4BTuXVzgs7FrQ,OK,,1778951999
0516_Rev_561,812,I_kwDOR560RM8AAAABCeEi6A,PVTI_lAHOB1aXSc4BTuXVzgs7Frs,OK,,1778952002
0516_Rev_562,813,I_kwDOR560RM8AAAABCeEjYw,PVTI_lAHOB1aXSc4BTuXVzgs7Fsk,OK,,1778952005
0516_Rev_563,814,I_kwDOR560RM8AAAABCeEj9w,PVTI_lAHOB1aXSc4BTuXVzgs7Ftg,OK,,1778952008
0516_Rev_564,815,I_kwDOR560RM8AAAABCeEk0w,PVTI_lAHOB1aXSc4BTuXVzgs7Ft4,OK,,1778952012
0516_Rev_565,816,I_kwDOR560RM8AAAABCeElXw,PVTI_lAHOB1aXSc4BTuXVzgs7Fuc,OK,,1778952015
0516_Rev_566,817,I_kwDOR560RM8AAAABCeEl5g,PVTI_lAHOB1aXSc4BTuXVzgs7FvQ,OK,,1778952019
0516_Rev_567,818,I_kwDOR560RM8AAAABCeEmqg,PVTI_lAHOB1aXSc4BTuXVzgs7FwI,OK,,1778952023
0516_Rev_568,819,I_kwDOR560RM8AAAABCeEnTA,PVTI_lAHOB1aXSc4BTuXVzgs7FxY,OK,,1778952026
0516_Rev_569,820,I_kwDOR560RM8AAAABCeEn1w,PVTI_lAHOB1aXSc4BTuXVzgs7Fzc,OK,,1778952029
0516_Rev_570,821,I_kwDOR560RM8AAAABCeEocA,PVTI_lAHOB1aXSc4BTuXVzgs7F0I,OK,,1778952032
0516_Rev_571,822,I_kwDOR560RM8AAAABCeEo6Q,PVTI_lAHOB1aXSc4BTuXVzgs7F0g,OK,,1778952036
0516_Rev_572,823,I_kwDOR560RM8AAAABCeEpdw,PVTI_lAHOB1aXSc4BTuXVzgs7F08,OK,,1778952039
0516_Rev_573,824,I_kwDOR560RM8AAAABCeEqIQ,PVTI_lAHOB1aXSc4BTuXVzgs7F1g,OK,,1778952042
0516_Rev_574,825,I_kwDOR560RM8AAAABCeEqsw,PVTI_lAHOB1aXSc4BTuXVzgs7F2I,OK,,1778952046
0516_Rev_575,826,I_kwDOR560RM8AAAABCeErPQ,PVTI_lAHOB1aXSc4BTuXVzgs7F2s,OK,,1778952049
0516_Rev_576,827,I_kwDOR560RM8AAAABCeEruA,PVTI_lAHOB1aXSc4BTuXVzgs7F3E,OK,,1778952052
0516_Rev_577,828,I_kwDOR560RM8AAAABCeEsUQ,PVTI_lAHOB1aXSc4BTuXVzgs7F3o,OK,,1778952055
0516_Rev_578,829,I_kwDOR560RM8AAAABCeEs_Q,PVTI_lAHOB1aXSc4BTuXVzgs7F4I,OK,,1778952058
0516_Rev_579,830,I_kwDOR560RM8AAAABCeEtfQ,PVTI_lAHOB1aXSc4BTuXVzgs7F4g,OK,,1778952061
0516_Rev_580,831,I_kwDOR560RM8AAAABCeEt-g,PVTI_lAHOB1aXSc4BTuXVzgs7F5I,OK,,1778952065
0516_Rev_581,832,I_kwDOR560RM8AAAABCeEugQ,PVTI_lAHOB1aXSc4BTuXVzgs7F5g,OK,,1778952068
0516_Rev_582,833,I_kwDOR560RM8AAAABCeEvDA,PVTI_lAHOB1aXSc4BTuXVzgs7F6I,OK,,1778952071
0516_Rev_583,834,I_kwDOR560RM8AAAABCeEviQ,PVTI_lAHOB1aXSc4BTuXVzgs7F6s,OK,,1778952074
0516_Rev_584,835,I_kwDOR560RM8AAAABCeEwAg,PVTI_lAHOB1aXSc4BTuXVzgs7F7M,OK,,1778952078
0516_Rev_585,836,I_kwDOR560RM8AAAABCeEw_Q,PVTI_lAHOB1aXSc4BTuXVzgs7F74,OK,,1778952081
0516_Rev_586,837,I_kwDOR560RM8AAAABCeExeQ,PVTI_lAHOB1aXSc4BTuXVzgs7F8k,OK,,1778952084
0516_Rev_587,838,I_kwDOR560RM8AAAABCeEx_A,PVTI_lAHOB1aXSc4BTuXVzgs7F9I,OK,,1778952087
0516_Rev_588,839,I_kwDOR560RM8AAAABCeEyhA,PVTI_lAHOB1aXSc4BTuXVzgs7F94,OK,,1778952090
